"0x803d30","Name value","Description value","Character Number","Class (support viewer only)","Portrait (Zero is Default)","Mini Portrait (Zero is Default)","Affinity","Units Screen Priority","Level","Base HP","Base Strength/Magic","Base Skill","Base Speed","Base Defense","Base Resistance","Base Luck","Constitution Bonus","Sword Level","Lance Level","Axe Level","Bow Level","Staff Level","Anima Level","Light Level","Dark Level","HP Growth","Strength/Magic Growth","Skill Growth","Speed Growth","Defense Growth","Magic Defense Growth","Luck Growth","***UNKNOWN*** (Zero)","***UNKNOWN*** (Zero)","***UNKNOWN*** (Zero)","***UNKNOWN*** (Zero)","***UNKNOWN*** (Zero)","Character Ability 1","Character Ability 2","Character Ability 3","Character Ability 4","Supports Data Pointer","Village conversation type","***UNKNOWN*** (Zero)","***UNKNOWN*** (Zero)","***UNKNOWN*** (Zero)"
"0x00 (No one/Not referenced)","0x0","0x19","0x1B","0x0","0x1d","0x1f","0","0x0","33","0","35","0","37","0","39","0","0","41","0","43","0","45","0","47","0","0","49","0","51","0","5","4","0x2","0x4","0x1c","0x3","0x0","0x7","0xf0","0x1","0xf0","0x3018001","0x4","0x0","0x0","0x0"
"0x01 Alm","Name_Alm","Desc_Alm","0x1","0x2","0x2","0x0","1","0x1","1","0","0","0","0","0","0","7","0","1","0","0","0","0","0","0","0","60","50","55","45","50","3","35","0x0","0x0","0x0","0x0","0x0","0x0","0x0","0x0","0x10","SupportPointerTable","0x7","0x0","0x0","0x0"
"0x02 Lukas","Name_Lukas","Desc_Lukas","0x2","0x4e","0x5","0x0","4","0x3","3","1","0","3","2","2","2","2","1","0","31","0","0","0","0","0","0","50","30","40","25","45","2","30","0x0","0x0","0x0","0x0","0x0","0x0","0x0","0x0","0x0","SupportPointerTable+0x8000030","0x3","0x0","0x0","0x0"
"0x03 Gray","Name_Gray","Desc_Gray","0x3","0x3d","0x6","0x0","2","0x4","5","4","2","3","2","2","2","2","1","1","0","0","0","0","0","0","0","45","40","30","30","25","0","25","0x0","0x0","0x0","0x0","0x0","0x0","0x0","0x0","0x0","SupportPointerTable+0x8000048","0x4","0x0","0x0","0x0"
"0x04 Tobin","Name_Tobin","Desc_Tobin","0x4","0x3d","0x7","0x0","3","0x5","2","2","0","1","4","1","4","4","0","1","0","0","0","0","0","0","0","40","30","50","25","30","0","30","0x0","0x0","0x0","0x0","0x0","0x0","0x0","0x0","0x0","SupportPointerTable+0x8000060","0x3","0x0","0x0","0x0"
"0x05 Kliff","Name_Kliff","Desc_Kliff","0x5","0x3d","0x8","0x0","5","0x6","1","0","0","0","0","1","8","10","0","1","0","0","0","0","0","0","0","35","30","45","60","40","0","20","0x0","0x0","0x0","0x0","0x0","0x0","0x0","0x0","0x0","SupportPointerTable+0x8000078","0x4","0x0","0x0","0x0"
"0x06 Faye","Name_Faye","Desc_Faye","0x6","0x3e","0x9","0x0","1","0x7","1","1","1","0","0","1","6","6","0","1","0","0","0","0","0","0","0","40","40","30","30","40","3","30","0x0","0x0","0x0","0x0","0x0","0x0","0x40","0x0","0x0","SupportPointerTable+0x8000090","0xa","0x0","0x0","0x0"
"0x07 Silque","Name_Silque","Desc_Silque","0x7","0x4a","0xa","0x0","6","0x8","1","1","2","2","1","1","1","6","0","0","0","0","0","0","0","31","0","45","40","35","30","40","2","60","0x0","0x0","0x0","0x0","0x0","0x0","0x40","0x0","0x0","SupportPointerTable+0x80000A8","0x5","0x0","0x0","0x0"
"0x08 Clair","Name_Clair","Desc_Clair","0x8","0x48","0xb","0x0","2","0x9","1","1","1","4","3","1","2","11","0","0","31","0","0","0","0","0","0","35","40","55","70","30","2","50","0x0","0x0","0x0","0x0","0x0","0x0","0x40","0x0","0x0","SupportPointerTable+0x80000C0","0x7","0x0","0x0","0x0"
"0x09 Clive","Name_Clive","Desc_Clive","0x9","0x5","0xc","0x0","7","0xa","6","2","3","4","2","2","0","6","1","0","71","0","0","0","0","0","0","55","40","35","25","30","2","25","0x0","0x0","0x0","0x0","0x0","0x0","0x0","0x0","0x0","SupportPointerTable+0x80000D8","0x0","0x0","0x0","0x0"
"0x0A Forsyth","Name_Forsyth","Desc_Forsyth","0xa","0x4e","0xd","0x0","1","0xb","4","2","2","3","3","4","5","3","2","0","71","0","0","0","0","0","0","40","40","30","40","30","3","40","0x0","0x0","0x0","0x0","0x0","0x0","0x0","0x0","0x40","SupportPointerTable+0x80000F0","0x1","0x0","0x0","0x0"
"0x0B Python","Name_Python","Desc_Python","0xb","0x19","0xe","0x0","3","0xc","3","0","2","6","4","2","4","2","2","0","0","0","71","0","0","0","0","45","40","25","55","25","4","20","0x0","0x0","0x0","0x0","0x0","0x0","0x0","0x0","0x0","SupportPointerTable+0x8000108","0x0","0x0","0x0","0x0"
"0x0C Celica","Name_Celica","Desc_Celica","0xc","0x1","0xf","0x0","6","0x1","1","0","3","5","5","3","7","8","0","1","0","0","0","0","31","1","0","50","60","50","50","35","4","45","0x0","0x0","0x0","0x0","0x0","0x0","0x40","0x0","0x20","SupportPointerTable+0x8000018","0x7","0x0","0x0","0x0"
"0x0D Mae","Name_Mae","Desc_Mae","0xd","0x26","0x12","0x0","2","0xd","1","0","0","0","0","0","0","5","1","0","0","0","0","0","71","1","0","35","60","35","40","30","2","40","0x0","0x0","0x0","0x0","0x0","0x0","0x40","0x0","0x0","SupportPointerTable+0x8000120","0xa","0x0","0x0","0x0"
"0x0E Boey","Name_Boey","Desc_Boey","0xe","0x25","0x13","0x0","7","0xe","1","0","0","0","0","0","0","9","0","0","0","0","0","0","31","0","0","55","45","55","30","45","1","25","0x0","0x0","0x0","0x0","0x0","0x0","0x0","0x0","0x0","SupportPointerTable+0x8000138","0x0","0x0","0x0","0x0"
"0x0F Genny","Name_Genny","Desc_Genny","0xf","0x4a","0x14","0x0","4","0xf","1","0","0","0","1","0","3","7","0","0","0","0","0","0","0","31","0","30","60","50","30","20","5","35","0x0","0x0","0x0","0x0","0x0","0x0","0x40","0x0","0x0","SupportPointerTable+0x8000150","0x3","0x0","0x0","0x0"
"0x10 Saber","Name_Saber","Desc_Saber","0x10","0xf","0x15","0x0","4","0x10","1","0","1","1","0","0","5","6","2","31","0","0","0","0","0","0","0","60","35","30","35","45","0","25","0x0","0x0","0x0","0x0","0x0","0x0","0x0","0x0","0x0","SupportPointerTable+0x8000168","0x3","0x0","0x0","0x0"
"0x11 Valbar","Name_Valbar","Desc_Valbar","0x11","0x9","0x16","0x0","1","0x11","1","0","0","3","0","0","0","10","3","0","121","71","0","0","0","0","0","60","40","40","30","50","1","35","0x0","0x0","0x0","0x0","0x0","0x0","0x0","0x0","0x0","SupportPointerTable+0x8000180","0x3","0x0","0x0","0x0"
"0x12 Leon","Name_Leon","Desc_Leon","0x12","0x19","0x17","0x0","6","0x12","4","0","2","4","4","1","1","5","0","0","0","0","31","0","0","0","0","45","30","50","30","30","4","30","0x0","0x0","0x0","0x0","0x0","0x0","0x0","0x0","0x0","SupportPointerTable+0x8000198","0x7","0x0","0x0","0x0"
"0x13 Kamui","Name_Kamui","Desc_Kamui","0x13","0xf","0x18","0x0","3","0x13","3","0","2","0","0","2","2","2","0","31","0","0","0","0","0","0","0","50","40","30","40","30","0","25","0x0","0x0","0x0","0x0","0x0","0x0","0x0","0x0","0x0","SupportPointerTable+0x80001B0","0x0","0x0","0x0","0x0"
"0x14 Luthier","Name_Luthier","Desc_Luthier","0x14","0x25","0x19","0x0","4","0x14","7","0","4","6","3","0","0","2","1","0","0","0","0","0","121","0","0","50","30","75","40","35","2","50","0x0","0x0","0x0","0x0","0x0","0x0","0x0","0x0","0x0","SupportPointerTable+0x80001C8","0x4","0x0","0x0","0x0"
"0x15 Mathilda","Name_Mathilda","Desc_Mathilda","0x15","0x8","0x1a","0x0","7","0x15","1","0","0","9","4","0","5","13","0","0","121","0","0","0","0","0","0","40","50","45","55","40","4","45","0x0","0x0","0x0","0x0","0x0","0x0","0x40","0x0","0x0","SupportPointerTable+0x80001E0","0x7","0x0","0x0","0x0"
"0x16 Delthea","Name_Delthea","Desc_Delthea","0x16","0x26","0x1b","0x0","3","0x16","3","2","2","7","3","1","5","15","0","0","0","0","0","0","181","181","0","30","70","35","55","20","4","40","0x0","0x0","0x0","0x0","0x0","0x0","0x40","0x0","0x0","SupportPointerTable+0x80001F8","0xc","0x0","0x0","0x0"
"0x17 Palla","Name_Palla","Desc_Palla","0x17","0x48","0x1d","0x0","7","0x17","8","8","4","5","3","2","0","4","1","0","71","0","0","0","0","0","0","50","60","50","30","45","1","25","0x0","0x0","0x0","0x0","0x0","0x0","0x40","0x20","0x0","SupportPointerTable+0x8000210","0x6","0x0","0x0","0x0"
"0x18 Catria","Name_Catria","Desc_Catria","0x18","0x48","0x1e","0x0","4","0x18","5","4","3","8","5","1","3","12","0","0","31","0","0","0","0","0","0","40","40","45","55","35","2","30","0x0","0x0","0x0","0x0","0x0","0x0","0x40","0x20","0x0","SupportPointerTable+0x8000228","0x5","0x0","0x0","0x0"
"0x19 Atlas","Name_Atlas","Desc_Atlas","0x19","0x47","0x1f","0x0","1","0x19","6","10","7","2","1","3","4","4","3","0","0","31","0","0","0","0","0","45","50","30","25","25","0","25","0x0","0x0","0x0","0x0","0x0","0x0","0x0","0x0","0x0","SupportPointerTable+0x8000240","0xb","0x0","0x0","0x0"
"0x1A Jesse","Name_Jesse","Desc_Jesse","0x1a","0xd","0x21","0x0","3","0x1a","6","12","8","9","3","3","7","9","2","121","0","0","0","0","0","0","0","40","35","40","45","30","0","55","0x0","0x0","0x0","0x0","0x0","0x0","0x0","0x0","0x0","SupportPointerTable+0x8000258","0x4","0x0","0x0","0x0"
"0x1B Deen","Name_Deen","Desc_Deen","0x1b","0x11","0x22","0x0","5","0x1b","5","2","2","6","3","2","0","6","1","181","0","0","0","0","0","0","0","60","45","35","40","40","0","15","0x0","0x0","0x0","0x0","0x0","0x0","0x0","0x0","0x80","SupportPointerTable+0x8000270","0x0","0x0","0x0","0x0"
"0x1C Sonya","Name_Sonya","Desc_Sonya","0x1c","0x26","0x23","0x0","5","0x1c","5","4","4","10","5","3","2","4","1","0","0","0","0","0","121","0","0","40","45","50","35","40","4","30","0x0","0x0","0x0","0x0","0x0","0x0","0x40","0x0","0x0","SupportPointerTable+0x8000288","0x0","0x0","0x0","0x0"
"0x1D Est","Name_Est","Desc_Est","0x1d","0x48","0x24","0x0","6","0x1d","3","0","1","1","4","0","6","5","0","0","31","0","0","0","0","0","0","35","55","50","40","50","3","55","0x0","0x0","0x0","0x0","0x0","0x0","0x40","0x20","0x0","SupportPointerTable+0x80002A0","0x4","0x0","0x0","0x0"
"0x1E Tatiana","Name_Tatiana","Desc_Tatiana","0x1e","0x2c","0x25","0x0","6","0x1e","1","0","4","5","2","0","8","2","1","0","0","0","0","0","0","181","0","30","50","45","40","30","4","35","0x0","0x0","0x0","0x0","0x0","0x0","0x40","0x0","0x0","SupportPointerTable+0x80002B8","0xc","0x0","0x0","0x0"
"0x1F Zeke","Name_Zeke","Desc_Zeke","0x1f","0x35","0x26","0x0","4","0x1f","3","0","2","6","2","1","0","4","1","0","251","0","0","0","0","0","0","60","45","55","55","45","1","40","0x0","0x0","0x0","0x0","0x0","0x0","0x0","0x0","0x0","SupportPointerTable+0x80002D0","0x3","0x0","0x0","0x0"
"0x20 Conrad","Name_Conrad","Desc_Conrad","0x20","0x7","0x28","0x0","6","0x20","7","4","3","13","8","2","7","8","0","0","181","0","0","0","0","0","0","50","30","60","45","50","8","40","0x0","0x0","0x0","0x0","0x0","0x0","0x0","0x0","0x0","SupportPointerTable+0x80002E8","0x3","0x0","0x0","0x0"
"0x21 Nomah","Name_Nomah","Desc_Nomah","0x21","0x2b","0x29","0x0","7","0x21","7","0","0","8","1","0","5","10","2","0","0","0","0","0","181","181","0","15","20","25","15","10","1","10","0x0","0x0","0x0","0x0","0x0","0x0","0x0","0x0","0x0","SupportPointerTable+0x8000300","0xa","0x0","0x0","0x0"
"0x22 Mycen","Name_Mycen","Desc_Mycen","0x22","0x35","0x2a","0x0","2","0x22","7","4","4","7","0","5","2","3","2","0","251","0","0","0","0","0","0","20","10","10","10","10","3","5","0x0","0x0","0x0","0x0","0x0","0x0","0x0","0x0","0x0","SupportPointerTable+0x8000318","0x3","0x0","0x0","0x0"
"0x23 Acantha","Name_Acantha","Desc_Acantha","0x23","0xe","0x33","0x0","5","0x23","3","4","4","5","1","2","4","7","0","31","0","0","0","0","0","0","0","45","35","45","55","25","2","35","0x0","0x0","0x0","0x0","0x0","0x0","0x40","0x0","0x0","SupportPointerTable+0x8000330","0x3","0x0","0x0","0x0"
"0x24 Hyas","Name_Hyas","Desc_Hyas","0x24","0x3d","0x20","0x0","6","0x24","3","8","5","4","2","4","3","6","1","1","0","0","0","0","0","0","0","55","45","30","35","35","3","25","0x0","0x0","0x0","0x0","0x0","0x0","0x0","0x0","0x0","SupportPointerTable+0x8000348","0x3","0x0","0x0","0x0"
"0x25 -","Name_Enemy","0x0","0x25","0x7","0x0","0x0","3","0x27","5","5","2","2","2","2","0","7","1","0","181","0","0","0","0","0","0","120","50","50","50","50","10","20","0x0","0x0","0x0","0x0","0x0","0x0","0x0","0x0","0x0","0x0","0x0","0x0","0x0","0x0"
"0x26 -","Name_Enemy","0x0","0x26","0x2a","0x0","0x0","6","0x28","17","18","10","7","9","6","2","10","0","0","0","0","0","0","181","121","0","80","50","25","30","30","20","55","0x0","0x0","0x0","0x0","0x0","0x0","0x40","0x0","0x0","0x0","0x0","0x0","0x0","0x0"
"0x27 -","Name_Enemy","0x0","0x27","0x35","0x0","0x0","1","0x29","1","4","2","2","1","2","2","5","0","0","251","0","0","0","0","0","0","120","50","50","50","50","10","15","0x0","0x0","0x0","0x0","0x0","0x0","0x0","0x0","0x0","0x0","0x0","0x0","0x0","0x0"
"0x28 -","Name_Enemy","0x0","0x28","0xb","0x0","0x0","2","0x2a","1","1","1","1","1","1","1","9","5","0","181","121","0","0","0","0","0","120","50","50","30","50","0","15","0x0","0x0","0x0","0x0","0x0","0x0","0x0","0x0","0x0","0x0","0x0","0x0","0x0","0x0"
"0x29 -","Name_Enemy","0x0","0x29","0x2a","0x0","0x0","5","0x2b","16","15","10","5","6","6","0","0","2","0","0","0","0","0","181","121","251","85","50","45","30","30","20","0","0x0","0x0","0x0","0x0","0x0","0x0","0x0","0x0","0x0","0x0","0x0","0x0","0x0","0x0"
"0x2A -","Name_Enemy","0x0","0x2a","0x35","0x0","0x0","4","0x2c","20","12","10","10","10","10","2","13","3","0","251","0","0","0","0","0","0","120","50","50","50","50","10","25","0x0","0x0","0x0","0x0","0x0","0x0","0x0","0x0","0x0","0x0","0x0","0x0","0x0","0x0"
"0x2B -","Name_Enemy","0x0","0x2b","0x2a","0x0","0x0","7","0x2e","8","6","4","2","2","2","2","12","0","0","0","0","0","0","251","181","181","80","50","25","30","30","20","30","0x0","0x0","0x0","0x0","0x0","0x0","0x40","0x0","0x0","0x0","0x0","0x0","0x0","0x0"
"0x2C -","Name_Enemy","0x0","0x2c","0x2a","0x0","0x0","3","0x2d","12","11","6","3","3","3","3","9","0","0","0","0","0","0","181","251","181","80","50","25","30","30","20","40","0x0","0x0","0x0","0x0","0x0","0x0","0x40","0x0","0x0","0x0","0x0","0x0","0x0","0x0"
"0x2D Fernand (Act 1 Playable)","Name_Fernand","Desc_Fernand","0x2d","0x5","0x2d","0x0","2","0x25","6","1","2","4","2","1","3","2","1","0","71","0","0","0","0","0","0","55","30","35","35","30","2","25","0x0","0x0","0x0","0x0","0x0","0x0","0x0","0x0","0x0","SupportPointerTable+0x8000360","0x0","0x0","0x0","0x0"
"0x2E -","Name_Enemy","0x0","0x2e","0x41","0x0","0x0","0","0x0","0","0","0","0","0","0","0","0","0","0","0","0","0","0","0","0","0","85","50","10","10","10","15","30","0x0","0x0","0x0","0x0","0x0","0x0","0x0","0x0","0x0","0x0","0x0","0x0","0x0","0x0"
"0x2F -","Name_Enemy","0x0","0x2f","0x41","0x0","0x0","0","0x0","0","0","0","0","0","0","0","0","0","0","0","0","0","0","0","0","0","85","50","10","10","10","15","30","0x0","0x0","0x0","0x0","0x0","0x0","0x0","0x0","0x0","0x0","0x0","0x0","0x0","0x0"
"0x30 -","Name_Enemy","0x0","0x30","0x41","0x0","0x0","0","0x0","0","0","0","0","0","0","0","0","0","0","0","0","0","0","0","0","0","85","50","10","10","10","15","30","0x0","0x0","0x0","0x0","0x0","0x0","0x0","0x0","0x0","0x0","0x0","0x0","0x0","0x0"
"0x31 -","Name_Enemy","0x0","0x31","0x41","0x0","0x0","0","0x0","0","0","0","0","0","0","0","0","0","0","0","0","0","0","0","0","0","85","50","10","10","10","15","30","0x0","0x0","0x0","0x0","0x0","0x0","0x0","0x0","0x0","0x0","0x0","0x0","0x0","0x0"
"0x32 -","Name_Enemy","0x0","0x32","0x41","0x0","0x0","0","0x0","0","0","0","0","0","0","0","0","0","0","0","0","0","0","0","0","0","85","50","10","10","10","15","30","0x0","0x0","0x0","0x0","0x0","0x0","0x0","0x0","0x0","0x0","0x0","0x0","0x0","0x0"
"0x33 -","Name_Enemy","0x0","0x33","0x41","0x0","0x0","0","0x0","0","0","0","0","0","0","0","0","0","0","0","0","0","0","0","0","0","85","50","10","10","10","15","30","0x0","0x0","0x0","0x0","0x0","0x0","0x0","0x0","0x0","0x0","0x0","0x0","0x0","0x0"
"0x34 -","Name_Enemy","0x0","0x34","0x41","0x0","0x0","0","0x0","0","0","0","0","0","0","0","0","0","0","0","0","0","0","0","0","0","85","50","10","10","10","15","30","0x0","0x0","0x0","0x0","0x0","0x0","0x0","0x0","0x0","0x0","0x0","0x0","0x0","0x0"
"0x35 -","Name_Enemy","0x0","0x35","0x41","0x0","0x0","0","0x0","0","0","0","0","0","0","0","0","0","0","0","0","0","0","0","0","0","85","50","10","10","10","15","30","0x0","0x0","0x0","0x0","0x0","0x0","0x0","0x0","0x0","0x0","0x0","0x0","0x0","0x0"
"0x36 -","Name_Enemy","0x0","0x36","0x41","0x0","0x0","0","0x0","0","0","0","0","0","0","0","0","0","0","0","0","0","0","0","0","0","85","50","10","10","10","15","30","0x0","0x0","0x0","0x0","0x0","0x0","0x0","0x0","0x0","0x0","0x0","0x0","0x0","0x0"
"0x37 -","Name_Enemy","0x0","0x37","0x41","0x0","0x0","0","0x0","0","0","0","0","0","0","0","0","0","0","0","0","0","0","0","0","0","85","50","10","10","10","15","30","0x0","0x0","0x0","0x0","0x0","0x0","0x0","0x0","0x0","0x0","0x0","0x0","0x0","0x0"
"0x38 -","Name_Enemy","0x0","0x38","0x41","0x0","0x0","0","0x0","0","0","0","0","0","0","0","0","0","0","0","0","0","0","0","0","0","85","50","10","10","10","15","30","0x0","0x0","0x0","0x0","0x0","0x0","0x0","0x0","0x0","0x0","0x0","0x0","0x0","0x0"
"0x39 -","Name_Enemy","0x0","0x39","0x41","0x0","0x0","0","0x0","0","0","0","0","0","0","0","0","0","0","0","0","0","0","0","0","0","85","50","10","10","10","15","30","0x0","0x0","0x0","0x0","0x0","0x0","0x0","0x0","0x0","0x0","0x0","0x0","0x0","0x0"
"0x3a -","Name_Enemy","0x0","0x3a","0x41","0x0","0x0","0","0x0","0","0","0","0","0","0","0","0","0","0","0","0","0","0","0","0","0","85","50","10","10","10","15","30","0x0","0x0","0x0","0x0","0x0","0x0","0x0","0x0","0x0","0x0","0x0","0x0","0x0","0x0"
"0x3b -","Name_Enemy","0x0","0x3b","0x41","0x0","0x0","0","0x0","0","0","0","0","0","0","0","0","0","0","0","0","0","0","0","0","0","85","50","10","10","10","15","30","0x0","0x0","0x0","0x0","0x0","0x0","0x0","0x0","0x0","0x0","0x0","0x0","0x0","0x0"
"0x3c -","Name_Enemy","0x0","0x3c","0x41","0x0","0x0","0","0x0","0","0","0","0","0","0","0","0","0","0","0","0","0","0","0","0","0","85","50","10","10","10","15","30","0x0","0x0","0x0","0x0","0x0","0x0","0x0","0x0","0x0","0x0","0x0","0x0","0x0","0x0"
"0x3d -","Name_Enemy","0x0","0x3d","0x41","0x0","0x0","0","0x0","0","0","0","0","0","0","0","0","0","0","0","0","0","0","0","0","0","85","50","10","10","10","15","30","0x0","0x0","0x0","0x0","0x0","0x0","0x0","0x0","0x0","0x0","0x0","0x0","0x0","0x0"
"0x3e -","Name_Enemy","0x0","0x3e","0x41","0x0","0x0","0","0x0","0","0","0","0","0","0","0","0","0","0","0","0","0","0","0","0","0","85","50","10","10","10","15","30","0x0","0x0","0x0","0x0","0x0","0x0","0x0","0x0","0x0","0x0","0x0","0x0","0x0","0x0"
"0x3F Phantom","Name_Phantom","Desc_Phantom","0x3f","0x51","0x0","0x7","6","0x26","1","0","0","0","0","0","0","5","0","0","0","0","0","0","0","0","0","50","20","10","10","10","15","30","0x0","0x0","0x0","0x0","0x0","0x0","0x0","0x10","0x0","0x0","0x0","0x0","0x0","0x0"
"0x40 Jedah (4)","Name_Jedah","Desc_Jedah","0x40","0x4f","0x5b","0x0","5","0x0","20","20","9","9","9","22","13","4","0","0","0","0","0","0","0","181","251","110","50","40","50","40","0","0","0x0","0x0","0x0","0x0","0x0","0x0","0x80","0x0","0x0","0x0","0x0","0x0","0x0","0x0"
"0x41 Slayde (1-7x)   (Cav)","Name_Slayde","Desc_Slayde","0x41","0x5","0x2e","0x0","3","0x0","5","5","2","2","2","2","0","7","1","0","121","0","0","0","0","0","0","75","65","50","50","40","10","20","0x0","0x0","0x0","0x0","0x0","0x0","0x0","0x0","0x0","0x0","0x0","0x0","0x0","0x0"
"0x42 Slayde (1-8)     (Paladin)","Name_Slayde","Desc_Slayde","0x42","0x7","0x2e","0x0","3","0x0","5","5","2","2","2","2","0","7","1","0","181","0","0","0","0","0","0","75","65","50","50","40","10","20","0x0","0x0","0x0","0x0","0x0","0x0","0x80","0x0","0x0","0x0","0x0","0x0","0x0","0x0"
"0x43 Slayde (Act 4)  (GK)","Name_Slayde","Desc_Slayde","0x43","0x35","0x2e","0x0","3","0x0","5","5","2","2","2","2","0","7","1","0","181","0","0","0","0","0","0","75","65","50","50","40","10","20","0x0","0x0","0x0","0x0","0x0","0x0","0x80","0x0","0x0","0x0","0x0","0x0","0x0","0x0"
"0x44 Rinea","Name_Rinea","Desc_Rinea","0x44","0x2a","0x35","0x0","6","0x0","17","18","10","7","9","6","2","10","0","0","0","0","0","0","181","121","0","80","65","25","30","40","20","55","0x0","0x0","0x0","0x0","0x0","0x0","0xc0","0x0","0x0","0x0","0x0","0x0","0x0","0x0"
"0x45 Desaix","Name_Desaix","Desc_Desaix","0x45","0xb","0x2f","0x0","2","0x0","1","1","1","1","1","1","1","9","5","121","181","121","0","0","0","0","0","75","65","50","30","40","0","15","0x0","0x0","0x0","0x0","0x0","0x0","0x80","0x0","0x0","0x0","0x0","0x0","0x0","0x0"
"0x46 Bandit (Ch 2)","Name_Bandit","Desc_Bandit","0x46","0x41","0x39","0x6","0","0x0","4","3","3","0","1","0","0","2","0","0","0","31","0","0","0","0","0","75","65","45","45","40","5","15","0x0","0x0","0x0","0x0","0x0","0x0","0x80","0x0","0x0","0x0","0x0","0x0","0x0","0x0"
"0x47 Brigand Boss (Ch 3)","Name_Bandit","Desc_Bandit","0x47","0x41","0x3a","0x6","0","0x0","4","3","4","3","1","1","0","5","0","0","0","71","0","0","0","0","0","75","65","45","45","40","5","15","0x0","0x0","0x0","0x0","0x0","0x0","0x80","0x0","0x0","0x0","0x0","0x0","0x0","0x0"
"0x48 Merc (Ch 4)","Name_Mercenary","Desc_ZofiaSoldier","0x48","0xf","0x3b","0x3","0","0x0","6","0","2","0","2","0","0","4","0","0","0","0","0","0","0","0","0","45","50","60","65","20","5","15","0x0","0x0","0x0","0x0","0x0","0x0","0x80","0x0","0x0","0x0","0x0","0x0","0x0","0x0"
"0x49 Soldier (Ch 5)","Name_Soldier","Desc_ZofiaSoldier","0x49","0x4e","0x3d","0x3","0","0x0","9","2","3","1","1","2","0","2","0","0","0","0","0","0","0","0","0","75","60","45","35","40","5","15","0x0","0x0","0x0","0x0","0x0","0x0","0x80","0x0","0x0","0x0","0x0","0x0","0x0","0x0"
"0x4A Soldier (Ch 6)","Name_Soldier","Desc_ZofiaSoldier","0x4a","0x4e","0x3e","0x3","0","0x0","11","3","3","1","2","4","0","2","0","0","0","0","0","0","0","0","0","75","60","45","35","40","5","15","0x0","0x0","0x0","0x0","0x0","0x0","0x80","0x0","0x0","0x0","0x0","0x0","0x0","0x0"
"0x4B Cavalier (Ch 7)","Name_Soldier","Desc_ZofiaSoldier","0x4b","0x5","0x3f","0x3","0","0x0","12","5","6","4","3","3","1","4","0","0","0","0","0","0","0","0","0","60","45","40","55","30","15","15","0x0","0x0","0x0","0x0","0x0","0x0","0x80","0x0","0x0","0x0","0x0","0x0","0x0","0x0"
"0x4C Pirate (Ch C-2)","Name_Pirate","Desc_Pirate","0x4c","0x42","0x38","0x6","0","0x0","4","3","2","1","1","0","0","7","0","0","0","31","0","0","0","0","0","75","65","45","45","40","5","15","0x0","0x0","0x0","0x0","0x0","0x0","0x80","0x0","0x0","0x0","0x0","0x0","0x0","0x0"
"0x4D Pirate_F (Ch C-3)","Name_Pirate","Desc_Pirate","0x4d","0x43","0x41","0x6","2","0x0","6","4","3","4","1","1","2","8","0","0","0","71","0","0","0","0","0","75","65","45","45","40","5","15","0x0","0x0","0x0","0x0","0x0","0x0","0xc0","0x0","0x0","0x0","0x0","0x0","0x0","0x0"
"0x4E Barth (Ch C-4)","Name_Barth","Desc_Barth","0x4e","0x42","0x42","0x0","1","0x0","10","7","5","6","5","4","4","2","0","0","0","121","0","0","0","0","0","75","65","45","45","40","5","15","0x0","0x0","0x0","0x0","0x0","0x0","0x80","0x0","0x0","0x0","0x0","0x0","0x0","0x0"
"0x4F Pirate (Ch C-6)","Name_Pirate","Desc_Pirate","0x4f","0xf","0x40","0x6","0","0x0","6","4","4","3","4","1","2","6","0","0","0","0","0","0","0","0","0","45","50","60","65","20","5","15","0x0","0x0","0x0","0x0","0x0","0x0","0x80","0x0","0x0","0x0","0x0","0x0","0x0","0x0"
"0x50 Zaxon (Ch 3A-1)","Name_Zaxon","Desc_Zaxon","0x50","0x9","0x46","0x0","4","0x0","5","6","2","6","2","3","0","2","2","0","71","71","0","0","0","0","0","75","60","45","35","40","5","15","0x0","0x0","0x0","0x0","0x0","0x0","0x80","0x0","0x0","0x0","0x0","0x0","0x0","0x0"
"0x51 Xyzas (Ch 3A-3)","Name_Xyzas","Desc_Xyzas","0x51","0x7","0x47","0x0","1","0x0","3","4","3","4","3","2","0","7","0","0","121","0","0","0","0","0","0","60","45","40","55","30","15","15","0x0","0x0","0x0","0x0","0x0","0x0","0x80","0x0","0x0","0x0","0x0","0x0","0x0","0x0"
"0x52 Lawson (Ch 3A-5)","Name_Lawson","Desc_Lawson","0x52","0x9","0x48","0x0","3","0x0","10","10","10","7","4","4","0","11","0","0","71","71","0","0","0","0","0","60","45","40","55","30","15","15","0x0","0x0","0x0","0x0","0x0","0x0","0x80","0x0","0x0","0x0","0x0","0x0","0x0","0x0"
"0x53 Gazelle (Ch 3A-6)","Name_Gazelle","Desc_Gazelle","0x53","0x1d","0x49","0x0","3","0x0","12","10","13","5","3","4","0","14","0","0","0","0","181","0","0","0","0","50","45","70","55","10","10","15","0x0","0x0","0x0","0x0","0x0","0x0","0x80","0x0","0x0","0x0","0x0","0x0","0x0","0x0"
"0x54 Tatarrah (Ch 3A-7)","Name_Tatarrah","Desc_Tatarrah","0x54","0x2f","0x4a","0x0","4","0x0","7","14","8","5","8","4","0","9","0","0","0","0","0","0","0","71","181","70","55","45","40","15","20","15","0x0","0x0","0x0","0x0","0x0","0x0","0x80","0x0","0x0","0x0","0x0","0x0","0x0","0x0"
"0x55 Garth (Ch 3C-1)","Name_Garth","Desc_Garth","0x55","0x42","0x4b","0x0","5","0x0","17","5","5","5","0","2","0","0","0","0","0","121","0","0","0","0","0","75","65","45","45","40","5","15","0x0","0x0","0x0","0x0","0x0","0x0","0x80","0x0","0x0","0x0","0x0","0x0","0x0","0x0"
"0x56 Wolff (Ch 3C-3)","Name_Wolff","Desc_Wolff","0x56","0x1b","0x4c","0x0","3","0x0","6","6","3","5","4","2","0","3","2","0","0","0","181","0","0","0","0","50","45","70","55","10","10","15","0x0","0x0","0x0","0x0","0x0","0x0","0x80","0x0","0x0","0x0","0x0","0x0","0x0","0x0"
"0x57 Grieth (Ch 3C-5)","Name_Grieth","Desc_Grieth","0x57","0x15","0x4d","0x0","2","0x0","5","3","2","2","2","1","0","9","0","251","0","0","0","0","0","0","0","45","50","60","65","20","5","15","0x0","0x0","0x0","0x0","0x0","0x0","0x80","0x0","0x0","0x0","0x0","0x0","0x0","0x0"
"0x58 Blake (Ch 3C-6)","Name_Blake","Desc_Blake","0x58","0x11","0x4e","0x0","5","0x0","5","5","5","5","5","5","0","0","0","181","0","0","0","0","0","0","0","45","50","60","65","20","5","15","0x0","0x0","0x0","0x0","0x0","0x0","0x80","0x0","0x0","0x0","0x0","0x0","0x0","0x0"
"0x59 Mikhail (Ch 3C-7)","Name_Mikhail","Desc_Mikhail","0x59","0x31","0x4f","0x0","6","0x0","1","5","5","5","5","5","0","0","0","0","0","0","0","0","0","121","181","70","55","45","40","15","20","15","0x0","0x0","0x0","0x0","0x0","0x0","0x80","0x0","0x0","0x0","0x0","0x0","0x0","0x0"
"0x5A Garcia (Ch 9B)","Name_Garcia","Desc_Garcia","0x5a","0x31","0x50","0x0","3","0x0","5","8","10","3","2","7","0","1","0","0","0","0","0","0","0","121","181","70","55","45","40","15","20","15","0x0","0x0","0x0","0x0","0x0","0x0","0x80","0x0","0x0","0x0","0x0","0x0","0x0","0x0"
"0x5B Dolth (Ch 10B)","Name_Dolth","Desc_Dolth","0x5b","0x31","0x51","0x0","7","0x0","7","10","8","7","4","8","0","6","0","0","0","0","0","0","0","121","181","70","55","45","40","15","20","15","0x0","0x0","0x0","0x0","0x0","0x0","0x80","0x0","0x0","0x0","0x0","0x0","0x0","0x0"
"0x5C Jamil (Ch 12B)","Name_Jamil","Desc_Jamil","0x5c","0x31","0x52","0x0","6","0x0","9","9","7","3","6","9","0","0","0","0","0","0","0","0","0","121","251","70","55","45","40","15","20","15","0x0","0x0","0x0","0x0","0x0","0x0","0x80","0x0","0x0","0x0","0x0","0x0","0x0","0x0"
"0x5D Xaizor (Ch 11A)","Name_Xaizor","Desc_Xaizor","0x5d","0x15","0x53","0x0","3","0x0","8","8","5","10","5","4","0","1","0","181","0","0","0","0","0","0","0","45","50","60","65","20","5","15","0x0","0x0","0x0","0x0","0x0","0x0","0x80","0x0","0x0","0x0","0x0","0x0","0x0","0x0"
"0x5E Jerome (Ch 11B)","Name_Jerome","Desc_Jerome","0x5e","0x35","0x54","0x0","4","0x0","8","7","5","9","6","4","0","0","0","0","121","0","0","0","0","0","0","60","45","40","55","30","15","15","0x0","0x0","0x0","0x0","0x0","0x0","0x80","0x0","0x0","0x0","0x0","0x0","0x0","0x0"
"0x5F Entombed (Monster Boss)","Name_Terror","Desc_Monster","0x5f","0x53","0x0","0x4","0","0x0","1","7","2","2","1","2","0","1","0","0","0","0","0","0","0","0","0","75","75","50","55","10","30","15","0x0","0x0","0x0","0x0","0x0","0x0","0x80","0x0","0x0","0x0","0x0","0x0","0x0","0x0"
"0x60 Magnus","Name_Magnus","Desc_Magnus","0x60","0xb","0x55","0x0","2","0x0","1","5","5","5","0","0","0","0","0","121","121","181","0","0","0","0","0","75","65","45","45","40","5","15","0x0","0x0","0x0","0x0","0x0","0x0","0x80","0x0","0x0","0x0","0x0","0x0","0x0","0x0"
"0x61 Mueller","Name_Mueller","Desc_Mueller","0x61","0x1d","0x56","0x0","1","0x0","1","5","5","5","0","0","0","0","0","0","0","0","181","0","0","0","0","75","65","45","45","40","5","15","0x0","0x0","0x0","0x0","0x0","0x0","0x80","0x0","0x0","0x0","0x0","0x0","0x0","0x0"
"0x62 Hades","Name_Hades","Desc_Hades","0x62","0x35","0x58","0x0","1","0x0","1","5","5","5","0","0","0","0","0","0","121","0","0","0","0","0","0","75","65","45","45","40","5","15","0x0","0x0","0x0","0x0","0x0","0x0","0x80","0x0","0x0","0x0","0x0","0x0","0x0","0x0"
"0x63 Gharn","Name_Gharn","Desc_Gharn","0x63","0x2f","0x59","0x0","5","0x0","20","5","5","5","5","5","5","5","0","0","0","0","0","0","0","181","251","75","65","45","45","40","5","15","0x0","0x0","0x0","0x0","0x0","0x0","0x80","0x0","0x0","0x0","0x0","0x0","0x0","0x0"
"0x64 Hunter (Thief)","Name_Hunter","Desc_Hunter","0x64","0xd","0x0","0x6","0","0x0","1","0","0","0","0","0","0","0","0","0","0","0","0","0","0","0","0","45","40","60","75","20","5","15","0x0","0x0","0x0","0x0","0x0","0x0","0x0","0x0","0x0","0x0","0x0","0x0","0x0","0x0"
"0x65 Bandit (Axe)","Name_Bandit","Desc_Bandit","0x65","0x41","0x0","0x6","0","0x0","1","0","0","0","0","0","0","0","0","0","0","0","0","0","0","0","0","65","75","45","40","30","5","15","0x0","0x0","0x0","0x0","0x0","0x0","0x0","0x0","0x0","0x0","0x0","0x0","0x0","0x0"
"0x66 Bandit (Bow)","Name_Bandit","Desc_Bandit","0x66","0x19","0x0","0x6","0","0x0","1","0","0","0","0","0","0","0","0","0","0","0","0","0","0","0","0","50","45","70","55","10","10","15","0x0","0x0","0x0","0x0","0x0","0x0","0x0","0x0","0x0","0x0","0x0","0x0","0x0","0x0"
"0x67 Bandit (Sword)","Name_Bandit","Desc_Bandit","0x67","0xf","0x0","0x6","0","0x0","1","0","0","0","0","0","0","0","0","0","0","0","0","0","0","0","0","45","50","60","65","20","5","15","0x0","0x0","0x0","0x0","0x0","0x0","0x0","0x0","0x0","0x0","0x0","0x0","0x0","0x0"
"0x68 Bandit Boss (Chapter 1)","Name_Bandit","Desc_Bandit","0x68","0x41","0x38","0x6","0","0x0","3","1","1","2","1","0","0","0","0","0","0","31","0","0","0","0","0","75","65","45","45","40","5","15","0x0","0x0","0x0","0x0","0x0","0x0","0x80","0x0","0x0","0x0","0x0","0x0","0x0","0x0"
"0x69 Fernand(1)","Name_Fernand","Desc_Fernand","0x69","0x5","0x2d","0x0","2","0x0","3","4","3","5","3","2","3","2","1","0","121","0","0","0","0","0","0","75","65","50","45","40","10","25","0x0","0x0","0x0","0x0","0x0","0x0","0x80","0x0","0x0","0x0","0x0","0x0","0x0","0x0"
"0x6A Bandit ","Name_Bandit","Desc_Bandit","0x6a","0x41","0x0","0x6","0","0x0","6","1","1","1","1","1","1","4","0","0","0","0","0","0","0","0","0","65","75","45","40","30","5","15","0x0","0x0","0x0","0x0","0x0","0x0","0x0","0x0","0x0","0x0","0x0","0x0","0x0","0x0"
"0x6B Rudolf","Name_Rudolf","Desc_Rudolf","0x6b","0x35","0x5a","0x0","4","0x0","20","12","10","10","10","10","2","13","3","181","251","181","0","0","0","0","0","75","65","50","45","40","10","25","0x0","0x0","0x0","0x0","0x0","0x0","0x80","0x0","0x0","0x0","0x0","0x0","0x0","0x0"
"0x6C Jedah","Name_Jedah","Desc_Jedah","0x6c","0x4f","0x5b","0x0","5","0x0","20","20","9","9","9","22","13","4","0","0","0","0","0","0","0","181","251","110","65","40","45","40","0","0","0x0","0x0","0x0","0x0","0x0","0x0","0x80","0x0","0x0","0x0","0x0","0x0","0x0","0x0"
"0x6D Fernand (2)","Name_Fernand","Desc_Fernand","0x6d","0x7","0x2d","0x0","2","0x0","5","5","4","6","4","3","3","2","1","0","121","0","0","0","0","0","0","75","65","50","45","40","10","25","0x0","0x0","0x0","0x0","0x0","0x0","0x80","0x0","0x0","0x0","0x0","0x0","0x0","0x0"
"0x6E Fernand (3)","Name_Fernand","Desc_Fernand","0x6e","0x35","0x2d","0x0","2","0x0","6","1","2","4","2","1","3","2","1","0","181","0","0","0","0","0","0","75","65","50","45","40","10","25","0x0","0x0","0x0","0x0","0x0","0x0","0x80","0x0","0x0","0x0","0x0","0x0","0x0","0x0"
"0x6F Berkut (1)","Name_Berkut","Desc_Berkut","0x6f","0x7","0x36","0x0","1","0x0","7","11","5","5","4","5","2","5","0","0","251","0","0","0","0","0","0","75","65","50","45","40","10","15","0x0","0x0","0x0","0x0","0x0","0x0","0x80","0x0","0x0","0x0","0x0","0x0","0x0","0x0"
"0x70 Berkut (2)","Name_Berkut","Desc_Berkut","0x70","0x35","0x36","0x0","1","0x0","1","4","2","2","1","2","2","5","0","0","251","0","0","0","0","0","0","75","65","50","45","40","10","15","0x0","0x0","0x0","0x0","0x0","0x0","0x80","0x0","0x0","0x0","0x0","0x0","0x0","0x0"
"0x71 Berkut (3)","Name_Berkut","Desc_Berkut","0x71","0x35","0x37","0x0","1","0x0","1","4","2","2","1","2","2","5","0","0","251","0","0","0","0","0","0","75","65","50","45","40","10","15","0x0","0x0","0x0","0x0","0x0","0x0","0x80","0x0","0x0","0x0","0x0","0x0","0x0","0x0"
"0x72 Nuibaba","Name_Nuibaba","Desc_Nuibaba","0x72","0x2a","0x5c","0x0","5","0x0","16","15","10","5","6","6","0","0","2","0","0","0","0","0","181","181","251","85","65","45","45","40","20","0","0x0","0x0","0x0","0x0","0x0","0x0","0xc0","0x0","0x0","0x0","0x0","0x0","0x0","0x0"
"0x73 Argentum","Name_Argentum","Desc_Argentum","0x73","0x35","0x5d","0x0","6","0x0","14","6","6","6","6","6","6","0","0","0","181","0","0","0","0","0","0","75","65","45","45","40","5","25","0x0","0x0","0x0","0x0","0x0","0x0","0x0","0x0","0x0","0x0","0x0","0x0","0x0","0x0"
"0x74 Aurum","Name_Aurum","Desc_Aurum","0x74","0x35","0x5e","0x0","6","0x0","14","6","6","6","6","6","6","0","0","0","181","0","0","0","0","0","0","75","65","45","45","40","5","25","0x0","0x0","0x0","0x0","0x0","0x0","0x0","0x0","0x0","0x0","0x0","0x0","0x0","0x0"
"0x75 Cerberus","Name_Cerberus","Desc_Cerberus","0x75","0x15","0x5f","0x0","1","0x0","14","6","6","6","6","6","6","0","0","251","0","0","0","0","0","0","0","75","65","45","45","40","5","25","0x0","0x0","0x0","0x0","0x0","0x0","0x0","0x0","0x0","0x0","0x0","0x0","0x0","0x0"
"0x76 Naberius","Name_Naberius","Desc_Naberius","0x76","0x15","0x60","0x0","3","0x0","14","6","6","6","6","6","6","0","0","251","0","0","0","0","0","0","0","75","65","45","45","40","5","25","0x0","0x0","0x0","0x0","0x0","0x0","0x0","0x0","0x0","0x0","0x0","0x0","0x0","0x0"
"0x77 Marla","Name_Marla","Desc_Marla","0x77","0x2a","0x61","0x0","7","0x0","8","6","4","2","2","2","2","12","0","0","0","0","0","0","251","181","181","80","65","25","45","40","20","30","0x0","0x0","0x0","0x0","0x0","0x0","0xc0","0x0","0x0","0x0","0x0","0x0","0x0","0x0"
"0x78 Hestia","Name_Hestia","Desc_Hestia","0x78","0x2a","0x62","0x0","3","0x0","12","11","6","3","3","3","3","9","0","0","0","0","0","0","181","251","181","80","65","25","45","40","20","40","0x0","0x0","0x0","0x0","0x0","0x0","0xc0","0x0","0x0","0x0","0x0","0x0","0x0","0x0"
"0x79 Marla (5)","Name_Marla","Desc_Marla","0x79","0x2a","0x61","0x0","7","0x0","8","6","4","2","2","2","2","12","0","0","0","0","0","0","251","181","181","80","65","25","45","40","20","30","0x0","0x0","0x0","0x0","0x0","0x0","0xc0","0x0","0x0","0x0","0x0","0x0","0x0","0x0"
"0x7A Hestia (5)","Name_Hestia","Desc_Hestia","0x7a","0x2a","0x62","0x0","3","0x0","12","11","6","3","3","3","3","9","0","0","0","0","0","0","181","251","181","80","65","25","45","40","20","40","0x0","0x0","0x0","0x0","0x0","0x0","0xc0","0x0","0x0","0x0","0x0","0x0","0x0","0x0"
"0x7B Sonya (Boss)","Name_Sonya","Desc_Sonya","0x7b","0x26","0x23","0x0","5","0x0","5","4","4","10","5","3","2","4","1","0","0","0","0","0","121","31","0","40","45","50","35","40","4","30","0x0","0x0","0x0","0x0","0x0","0x0","0xc0","0x0","0x0","0x0","0x0","0x0","0x0","0x0"
"0x7C Deen (Boss)","Name_Deen","Desc_Deen","0x7c","0x11","0x22","0x0","5","0x0","5","2","2","6","3","2","0","6","1","181","0","0","0","0","0","0","0","60","45","35","40","40","0","15","0x0","0x0","0x0","0x0","0x0","0x0","0x80","0x0","0x80","0x0","0x0","0x0","0x0","0x0"
"0x7D Delthea (Boss)","Name_Delthea","Desc_Delthea","0x7d","0x26","0x1c","0x0","3","0x0","3","2","2","7","3","1","5","15","0","0","0","0","0","0","181","181","0","30","70","35","55","20","4","40","0x0","0x0","0x0","0x0","0x0","0x0","0xc0","0x0","0x0","0x0","0x0","0x0","0x0","0x0"
"0x7E -","Name_Enemy","0x0","0x7e","0x41","0x0","0x0","0","0x0","0","0","0","0","0","0","0","0","0","0","0","0","0","0","0","0","0","75","65","45","45","40","5","15","0x0","0x0","0x0","0x0","0x0","0x0","0x0","0x0","0x0","0x0","0x0","0x0","0x0","0x0"
"0x7F -","Name_Enemy","0x0","0x7f","0x5","0x0","0x3","0","0x0","1","3","2","1","2","2","0","0","0","0","0","0","0","0","0","0","0","75","65","45","45","40","5","15","0x0","0x0","0x0","0x0","0x0","0x0","0x0","0x0","0x0","0x0","0x0","0x0","0x0","0x0"
"0x80 Soldier (Generic)","Name_Soldier","Desc_ZofiaSoldier","0x80","0x3f","0x0","0x3","0","0x0","1","0","0","0","0","0","0","0","0","0","0","0","0","0","0","0","0","75","55","45","45","40","5","15","0x0","0x0","0x0","0x0","0x0","0x0","0x0","0x0","0x0","0x0","0x0","0x0","0x0","0x0"
"0x81 Soldier (Zofia Archer)","Name_Soldier","Desc_ZofiaSoldier","0x81","0x19","0x0","0x3","0","0x0","1","0","0","0","0","0","0","0","0","0","0","0","0","0","0","0","0","50","45","70","55","10","10","15","0x0","0x0","0x0","0x0","0x0","0x0","0x0","0x0","0x0","0x0","0x0","0x0","0x0","0x0"
"0x82 Soldier (Zofia Soldier)","Name_Soldier","Desc_ZofiaSoldier","0x82","0x4e","0x0","0x3","0","0x0","1","0","0","0","0","0","0","0","0","0","0","0","0","0","0","0","0","75","60","45","35","40","5","15","0x0","0x0","0x0","0x0","0x0","0x0","0x0","0x0","0x0","0x0","0x0","0x0","0x0","0x0"
"0x83 Soldier (Zofia Mage)","Name_Soldier","Desc_ZofiaSoldier","0x83","0x25","0x0","0x3","0","0x0","1","0","0","0","0","0","0","0","0","0","0","0","0","0","0","0","0","70","55","45","40","15","20","15","0x0","0x0","0x0","0x0","0x0","0x0","0x0","0x0","0x0","0x0","0x0","0x0","0x0","0x0"
"0x84 Soldier (Zofia Mercenary)","Name_Soldier","Desc_ZofiaSoldier","0x84","0xf","0x0","0x3","0","0x0","1","0","0","0","0","0","0","0","0","0","0","0","0","0","0","0","0","45","50","60","65","20","5","15","0x0","0x0","0x0","0x0","0x0","0x0","0x0","0x0","0x0","0x0","0x0","0x0","0x0","0x0"
"0x85 Soldier (Zofia Cavalier)","Name_Soldier","Desc_ZofiaSoldier","0x85","0x5","0x0","0x3","0","0x0","1","0","0","0","0","0","0","0","0","0","0","0","0","0","0","0","0","60","45","40","55","30","15","15","0x0","0x0","0x0","0x0","0x0","0x0","0x0","0x0","0x0","0x0","0x0","0x0","0x0","0x0"
"0x86 Soldier (Rigel Cavalier)","Name_Soldier","Desc_RigelSoldier","0x86","0x5","0x0","0x1","0","0x0","1","0","0","0","0","0","0","0","0","0","0","0","0","0","0","0","0","60","45","40","55","30","15","15","0x0","0x0","0x0","0x0","0x0","0x0","0x0","0x0","0x0","0x0","0x0","0x0","0x0","0x0"
"0x87 Soldier (Rigel Mercenary)","Name_Soldier","Desc_RigelSoldier","0x87","0xf","0x0","0x1","0","0x0","1","0","0","0","0","0","0","0","0","0","0","0","0","0","0","0","0","45","50","60","65","20","5","15","0x0","0x0","0x0","0x0","0x0","0x0","0x0","0x0","0x0","0x0","0x0","0x0","0x0","0x0"
"0x88 Soldier (Rigel Soldier)","Name_Soldier","Desc_RigelSoldier","0x88","0x4e","0x0","0x1","0","0x0","1","0","0","0","0","0","0","0","0","0","0","0","0","0","0","0","0","75","60","45","35","40","5","15","0x0","0x0","0x0","0x0","0x0","0x0","0x0","0x0","0x0","0x0","0x0","0x0","0x0","0x0"
"0x89 Soldier (Rigel Archer)","Name_Soldier","Desc_RigelSoldier","0x89","0x19","0x0","0x1","0","0x0","1","0","0","0","0","0","0","0","0","0","0","0","0","0","0","0","0","50","45","70","55","10","10","15","0x0","0x0","0x0","0x0","0x0","0x0","0x0","0x0","0x0","0x0","0x0","0x0","0x0","0x0"
"0x8A Soldier (Rigel Wyvern)","Name_Soldier","Desc_RigelSoldier","0x8a","0x1f","0x0","0x1","0","0x0","1","0","0","0","0","0","0","0","0","0","0","0","0","0","0","0","0","70","55","50","40","35","5","15","0x0","0x0","0x0","0x0","0x0","0x0","0x0","0x0","0x0","0x0","0x0","0x0","0x0","0x0"
"0x8B Soldier (Rigel Shaman)","Name_Soldier","Desc_RigelSoldier","0x8b","0x2d","0x0","0x1","0","0x0","1","0","0","0","0","0","0","0","0","0","0","0","0","0","0","0","0","70","55","45","40","15","20","15","0x0","0x0","0x0","0x0","0x0","0x0","0x0","0x0","0x0","0x0","0x0","0x0","0x0","0x0"
"0x8C Soldier (Rigel Witch)","Name_Soldier","Desc_RigelSoldier","0x8c","0x2a","0x0","0x1","0","0x0","1","0","0","0","0","0","0","0","0","0","0","0","0","0","0","0","0","40","65","55","50","5","5","15","0x0","0x0","0x0","0x0","0x0","0x0","0x40","0x0","0x0","0x0","0x0","0x0","0x0","0x0"
"0x8D Desaix Loyalist","Name_Remnant","Desc_Remnant","0x8d","0x9","0x0","0x3","0","0x0","1","0","0","0","0","0","0","0","0","0","0","0","0","0","0","0","0","75","60","45","35","40","5","15","0x0","0x0","0x0","0x0","0x0","0x0","0x0","0x0","0x0","0x0","0x0","0x0","0x0","0x0"
"0x8E Desaix Loyalist","Name_Remnant","Desc_Remnant","0x8e","0x7","0x0","0x3","0","0x0","1","0","0","0","0","0","0","0","0","0","0","0","0","0","0","0","0","60","45","40","55","30","15","15","0x0","0x0","0x0","0x0","0x0","0x0","0x0","0x0","0x0","0x0","0x0","0x0","0x0","0x0"
"0x8F Duma Faithful (Ch2_5)","Name_Rigelian","Desc_DumaFaithful","0x8f","0x31","0x43","0x2","0","0x0","1","0","0","0","0","0","0","0","0","0","0","0","0","0","0","0","0","70","55","45","40","15","20","15","0x0","0x0","0x0","0x0","0x0","0x0","0x80","0x0","0x0","0x0","0x0","0x0","0x0","0x0"
"0x90 Duma Faithful (Ch2_6)","Name_Rigelian","Desc_DumaFaithful","0x90","0x31","0x44","0x2","0","0x0","1","1","2","0","0","0","0","0","0","0","0","0","0","0","0","0","0","70","55","45","40","15","20","15","0x0","0x0","0x0","0x0","0x0","0x0","0x80","0x0","0x0","0x0","0x0","0x0","0x0","0x0"
"0x91 Duma Faithful (Ch2_7)","Name_Rigelian","Desc_DumaFaithful","0x91","0x31","0x45","0x2","0","0x0","1","6","7","4","6","4","1","2","0","0","0","0","0","0","0","0","0","70","55","45","40","15","20","15","0x0","0x0","0x0","0x0","0x0","0x0","0x80","0x0","0x0","0x0","0x0","0x0","0x0","0x0"
"0x92 Duma Faithful (Generic)","Name_Rigelian","Desc_DumaFaithful","0x92","0x31","0x0","0x2","0","0x0","1","0","0","0","0","0","0","0","0","0","0","0","0","0","0","0","0","70","55","45","40","15","20","15","0x0","0x0","0x0","0x0","0x0","0x0","0x0","0x0","0x0","0x0","0x0","0x0","0x0","0x0"
"0x93 Duma Faithful (Stronger)","Name_Rigelian","Desc_DumaFaithful","0x93","0x31","0x0","0x2","0","0x0","1","0","2","2","2","0","0","0","0","0","0","0","0","0","0","0","0","80","65","55","50","25","30","25","0x0","0x0","0x0","0x0","0x0","0x0","0x0","0x0","0x0","0x0","0x0","0x0","0x0","0x0"
"0x94 Duma Faithful (Witch)","Name_Rigelian","Desc_DumaFaithful","0x94","0x2a","0x0","0x2","0","0x0","1","0","0","0","0","0","0","0","0","0","0","0","0","0","0","0","0","40","65","55","50","5","5","15","0x0","0x0","0x0","0x0","0x0","0x0","0x40","0x0","0x0","0x0","0x0","0x0","0x0","0x0"
"0x95 -","Name_Enemy","0x0","0x95","0x41","0x0","0x3","0","0x0","0","0","0","0","0","0","0","0","0","0","0","0","0","0","0","0","0","0","0","0","0","0","0","0","0x0","0x0","0x0","0x0","0x0","0x0","0x0","0x0","0x0","0x0","0x0","0x0","0x0","0x0"
"0x96 -","Name_Enemy","0x0","0x96","0x41","0x0","0x3","0","0x0","0","0","0","0","0","0","0","0","0","0","0","0","0","0","0","0","0","0","0","0","0","0","0","0","0x0","0x0","0x0","0x0","0x0","0x0","0x0","0x0","0x0","0x0","0x0","0x0","0x0","0x0"
"0x97 -","Name_Enemy","0x0","0x97","0x41","0x0","0x3","0","0x0","0","0","0","0","0","0","0","0","0","0","0","0","0","0","0","0","0","0","0","0","0","0","0","0","0x0","0x0","0x0","0x0","0x0","0x0","0x0","0x0","0x0","0x0","0x0","0x0","0x0","0x0"
"0x98 -","Name_Enemy","0x0","0x98","0x41","0x0","0x3","0","0x0","0","0","0","0","0","0","0","0","0","0","0","0","0","0","0","0","0","0","0","0","0","0","0","0","0x0","0x0","0x0","0x0","0x0","0x0","0x0","0x0","0x0","0x0","0x0","0x0","0x0","0x0"
"0x99 -","Name_Enemy","0x0","0x99","0x41","0x0","0x3","0","0x0","0","0","0","0","0","0","0","0","0","0","0","0","0","0","0","0","0","0","0","0","0","0","0","0","0x0","0x0","0x0","0x0","0x0","0x0","0x0","0x0","0x0","0x0","0x0","0x0","0x0","0x0"
"0x9A -","Name_Enemy","0x0","0x9a","0x41","0x0","0x3","0","0x0","0","0","0","0","0","0","0","0","0","0","0","0","0","0","0","0","0","0","0","0","0","0","0","0","0x0","0x0","0x0","0x0","0x0","0x0","0x0","0x0","0x0","0x0","0x0","0x0","0x0","0x0"
"0x9B -","Name_Enemy","0x0","0x9b","0x41","0x0","0x3","0","0x0","0","0","0","0","0","0","0","0","0","0","0","0","0","0","0","0","0","0","0","0","0","0","0","0","0x0","0x0","0x0","0x0","0x0","0x0","0x0","0x0","0x0","0x0","0x0","0x0","0x0","0x0"
"0x9C -","Name_Enemy","0x0","0x9c","0x41","0x0","0x3","0","0x0","0","0","0","0","0","0","0","0","0","0","0","0","0","0","0","0","0","0","0","0","0","0","0","0","0x0","0x0","0x0","0x0","0x0","0x0","0x0","0x0","0x0","0x0","0x0","0x0","0x0","0x0"
"0x9D -","Name_Enemy","0x0","0x9d","0x41","0x0","0x3","0","0x0","0","0","0","0","0","0","0","0","0","0","0","0","0","0","0","0","0","0","0","0","0","0","0","0","0x0","0x0","0x0","0x0","0x0","0x0","0x0","0x0","0x0","0x0","0x0","0x0","0x0","0x0"
"0x9E -","Name_Enemy","0x0","0x9e","0x41","0x0","0x3","0","0x0","0","0","0","0","0","0","0","0","0","0","0","0","0","0","0","0","0","0","0","0","0","0","0","0","0x0","0x0","0x0","0x0","0x0","0x0","0x0","0x0","0x0","0x0","0x0","0x0","0x0","0x0"
"0x9F -","Name_Enemy","0x0","0x9f","0x41","0x0","0x3","0","0x0","0","0","0","0","0","0","0","0","0","0","0","0","0","0","0","0","0","0","0","0","0","0","0","0","0x0","0x0","0x0","0x0","0x0","0x0","0x0","0x0","0x0","0x0","0x0","0x0","0x0","0x0"
"0xA0 -","Name_Enemy","0x0","0xa0","0x41","0x0","0x3","0","0x0","0","0","0","0","0","0","0","0","0","0","0","0","0","0","0","0","0","0","0","0","0","0","0","0","0x0","0x0","0x0","0x0","0x0","0x0","0x0","0x0","0x0","0x0","0x0","0x0","0x0","0x0"
"0xA1 -","Name_Enemy","0x0","0xa1","0x41","0x0","0x3","0","0x0","0","0","0","0","0","0","0","0","0","0","0","0","0","0","0","0","0","0","0","0","0","0","0","0","0x0","0x0","0x0","0x0","0x0","0x0","0x0","0x0","0x0","0x0","0x0","0x0","0x0","0x0"
"0xA2 -","Name_Enemy","0x0","0xa2","0x41","0x0","0x3","0","0x0","0","0","0","0","0","0","0","0","0","0","0","0","0","0","0","0","0","0","0","0","0","0","0","0","0x0","0x0","0x0","0x0","0x0","0x0","0x0","0x0","0x0","0x0","0x0","0x0","0x0","0x0"
"0xA3 -","Name_Enemy","0x0","0xa3","0x41","0x0","0x3","0","0x0","0","0","0","0","0","0","0","0","0","0","0","0","0","0","0","0","0","0","0","0","0","0","0","0","0x0","0x0","0x0","0x0","0x0","0x0","0x0","0x0","0x0","0x0","0x0","0x0","0x0","0x0"
"0xA4 -","Name_Enemy","0x0","0xa4","0x41","0x0","0x3","0","0x0","0","0","0","0","0","0","0","0","0","0","0","0","0","0","0","0","0","0","0","0","0","0","0","0","0x0","0x0","0x0","0x0","0x0","0x0","0x0","0x0","0x0","0x0","0x0","0x0","0x0","0x0"
"0xA5 -","Name_Enemy","0x0","0xa5","0x41","0x0","0x3","0","0x0","0","0","0","0","0","0","0","0","0","0","0","0","0","0","0","0","0","0","0","0","0","0","0","0","0x0","0x0","0x0","0x0","0x0","0x0","0x0","0x0","0x0","0x0","0x0","0x0","0x0","0x0"
"0xA6 -","Name_Enemy","0x0","0xa6","0x41","0x0","0x3","0","0x0","0","0","0","0","0","0","0","0","0","0","0","0","0","0","0","0","0","0","0","0","0","0","0","0","0x0","0x0","0x0","0x0","0x0","0x0","0x0","0x0","0x0","0x0","0x0","0x0","0x0","0x0"
"0xA7 -","Name_Enemy","0x0","0xa7","0x41","0x0","0x6","0","0x0","1","0","0","0","0","0","0","0","0","0","0","0","0","0","0","0","0","45","50","60","65","20","5","15","0x0","0x0","0x0","0x0","0x0","0x0","0x80","0x0","0x0","0x0","0x0","0x0","0x0","0x0"
"0xA8 Mercenary (Generic)","Name_Mercenary","Desc_Mercenary","0xa8","0xf","0x0","0x6","0","0x0","1","0","0","0","0","0","0","0","0","0","0","0","0","0","0","0","0","45","50","60","65","20","5","15","0x0","0x0","0x0","0x0","0x0","0x0","0x0","0x0","0x0","0x0","0x0","0x0","0x0","0x0"
"0xA9 Mercenary (Generic)","Name_Mercenary","Desc_Mercenary","0xa9","0xf","0x0","0x6","0","0x0","1","0","0","0","0","0","0","0","0","0","0","0","0","0","0","0","0","45","50","60","65","20","5","15","0x0","0x0","0x0","0x0","0x0","0x0","0x0","0x0","0x0","0x0","0x0","0x0","0x0","0x0"
"0xAA Monster (Revenant)","Name_Terror","Desc_Monster","0xaa","0x52","0x0","0x4","0","0x0","1","0","0","0","0","0","0","0","0","0","0","0","0","0","0","0","0","80","75","35","45","20","5","15","0x0","0x0","0x0","0x0","0x0","0x0","0x0","0x0","0x0","0x0","0x0","0x0","0x0","0x0"
"0xAB Monster (Entombed)","Name_Terror","Desc_Monster","0xab","0x53","0x0","0x4","0","0x0","1","0","0","0","0","0","0","0","0","0","0","0","0","0","0","0","0","75","75","50","55","10","30","15","0x0","0x0","0x0","0x0","0x0","0x0","0x0","0x0","0x0","0x0","0x0","0x0","0x0","0x0"
"0xAC Monster (Bonewalker)","Name_Terror","Desc_Monster","0xac","0x54","0x0","0x4","0","0x0","1","0","0","0","0","0","0","0","0","0","0","0","0","0","0","0","0","50","65","45","35","30","5","15","0x0","0x0","0x0","0x0","0x0","0x0","0x0","0x0","0x0","0x0","0x0","0x0","0x0","0x0"
"0xAD Monster (Bonewalker_Bow)","Name_Terror","Desc_Monster","0xad","0x55","0x0","0x4","0","0x0","1","0","0","0","0","0","0","0","0","0","0","0","0","0","0","0","0","50","55","55","35","20","5","15","0x0","0x0","0x0","0x0","0x0","0x0","0x0","0x0","0x0","0x0","0x0","0x0","0x0","0x0"
"0xAE Monster (Wight)","Name_Terror","Desc_Monster","0xae","0x56","0x0","0x4","0","0x0","1","0","0","0","0","0","0","0","0","0","0","0","0","0","0","0","0","50","65","45","35","30","5","15","0x0","0x0","0x0","0x0","0x0","0x0","0x0","0x0","0x0","0x0","0x0","0x0","0x0","0x0"
"0xAF Monster (Wight_Bow)","Name_Terror","Desc_Monster","0xaf","0x57","0x0","0x4","0","0x0","1","0","0","0","0","0","0","0","0","0","0","0","0","0","0","0","0","50","55","55","35","20","5","15","0x0","0x0","0x0","0x0","0x0","0x0","0x0","0x0","0x0","0x0","0x0","0x0","0x0","0x0"
"0xB0 Monster (Bael)","Name_Terror","Desc_Monster","0xb0","0x58","0x0","0x4","0","0x0","1","0","0","0","0","0","0","0","0","0","0","0","0","0","0","0","0","55","50","55","65","25","5","15","0x0","0x0","0x0","0x0","0x0","0x0","0x0","0x0","0x0","0x0","0x0","0x0","0x0","0x0"
"0xB1 Monster (Elder Bael)","Name_Terror","Desc_Monster","0xb1","0x59","0x0","0x4","0","0x0","1","0","0","0","0","0","0","0","0","0","0","0","0","0","0","0","0","55","50","55","65","25","5","15","0x0","0x0","0x0","0x0","0x0","0x0","0x0","0x0","0x0","0x0","0x0","0x0","0x0","0x0"
"0xB2 Monster (Cyclops)","Name_Terror","Desc_Monster","0xb2","0x5a","0x0","0x4","0","0x0","1","0","0","0","0","0","0","0","0","0","0","0","0","0","0","0","0","120","80","20","35","10","5","15","0x0","0x0","0x0","0x0","0x0","0x0","0x0","0x0","0x0","0x0","0x0","0x0","0x0","0x0"
"0xB3 Monster (Fiend)","Name_Terror","Desc_Monster","0xb3","0x5b","0x0","0x4","0","0x0","1","0","0","0","0","0","0","0","0","0","0","0","0","0","0","0","0","75","65","45","10","55","30","15","0x0","0x0","0x0","0x0","0x0","0x0","0x0","0x0","0x0","0x0","0x0","0x0","0x0","0x0"
"0xB4 Monster (White Dragon)","Name_Terror","Desc_Monster","0xb4","0x5c","0x0","0x4","0","0x0","1","0","0","0","0","0","0","0","0","0","0","0","0","0","0","0","0","75","55","45","45","40","25","15","0x0","0x0","0x0","0x0","0x0","0x0","0x0","0x0","0x0","0x0","0x0","0x0","0x0","0x0"
"0xB5 Monster (Tarvos)","Name_Terror","Desc_Monster","0xb5","0x5d","0x0","0x4","0","0x0","1","0","0","0","0","0","0","0","0","0","0","0","0","0","0","0","0","55","65","45","45","30","5","15","0x0","0x0","0x0","0x0","0x0","0x0","0x0","0x0","0x0","0x0","0x0","0x0","0x0","0x0"
"0xB6 Monster (Chiron)","Name_Terror","Desc_Monster","0xb6","0x5e","0x0","0x4","0","0x0","1","0","0","0","0","0","0","0","0","0","0","0","0","0","0","0","0","55","65","45","45","30","5","15","0x0","0x0","0x0","0x0","0x0","0x0","0x0","0x0","0x0","0x0","0x0","0x0","0x0","0x0"
"0xB7 Monster (Mogall)","Name_Terror","Desc_Monster","0xb7","0x5f","0x0","0x4","0","0x0","1","0","0","0","0","0","0","0","0","0","0","0","0","0","0","0","0","40","45","40","50","40","5","15","0x0","0x0","0x0","0x0","0x0","0x0","0x0","0x0","0x0","0x0","0x0","0x0","0x0","0x0"
"0xB8 Monster (Arch Mogall)","Name_Terror","Desc_Monster","0xb8","0x60","0x0","0x4","0","0x0","1","0","0","0","0","0","0","0","0","0","0","0","0","0","0","0","0","40","45","40","50","40","5","15","0x0","0x0","0x0","0x0","0x0","0x0","0x0","0x0","0x0","0x0","0x0","0x0","0x0","0x0"
"0xB9 Monster (Gorgon)","Name_Terror","Desc_Monster","0xb9","0x61","0x0","0x4","0","0x0","1","0","0","0","0","0","0","0","0","0","0","0","0","0","0","0","0","40","65","40","40","5","5","15","0x0","0x0","0x0","0x0","0x0","0x0","0x0","0x0","0x0","0x0","0x0","0x0","0x0","0x0"
"0xBA Monster (Gorgon Egg?)","Name_Terror","Desc_Monster","0xba","0x62","0x0","0x4","0","0x0","1","0","0","0","0","0","0","0","0","0","0","0","0","0","0","0","0","75","0","0","0","0","0","0","0x0","0x0","0x0","0x0","0x0","0x0","0x0","0x0","0x0","0x0","0x0","0x0","0x0","0x0"
"0xBB Monster (Gargoyle)","Name_Terror","Desc_Monster","0xbb","0x63","0x0","0x4","0","0x0","1","0","0","0","0","0","0","0","0","0","0","0","0","0","0","0","0","75","45","55","55","25","5","15","0x0","0x0","0x0","0x0","0x0","0x0","0x0","0x0","0x0","0x0","0x0","0x0","0x0","0x0"
"0xBC Monster (Deathgoyle)","Name_Terror","Desc_Monster","0xbc","0x64","0x0","0x4","0","0x0","1","0","0","0","0","0","0","0","0","0","0","0","0","0","0","0","0","75","65","45","45","40","5","15","0x0","0x0","0x0","0x0","0x0","0x0","0x0","0x0","0x0","0x0","0x0","0x0","0x0","0x0"
"0xBD Monster (Dracozombie?)","Name_Terror","Desc_Monster","0xbd","0x65","0x0","0x4","0","0x0","1","0","0","0","0","0","0","0","0","0","0","0","0","0","0","0","0","75","50","30","30","45","20","15","0x0","0x0","0x0","0x0","0x0","0x0","0x0","0x0","0x0","0x0","0x0","0x0","0x0","0x0"
"0xBE Duma","Name_Duma","Desc_Duma","0xbe","0x66","0x0","0x2","2","0x0","20","0","19","9","9","9","0","10","0","0","0","0","0","0","0","0","0","75","65","45","45","40","5","15","0x0","0x0","0x0","0x0","0x0","0x0","0x80","0x0","0x0","0x0","0x0","0x0","0x0","0x0"
"0xBF -","Name_Enemy","0x0","0xbf","0x41","0x0","0x0","0","0x0","1","0","0","0","0","0","0","0","0","0","0","0","0","0","0","0","0","75","65","45","45","40","5","15","0x0","0x0","0x0","0x0","0x0","0x0","0x0","0x0","0x0","0x0","0x0","0x0","0x0","0x0"
"0xC0 Frelian","Name_Citizen","Desc_Citizen","0xc0","0x13","0x0","0x5","0","0x0","1","0","0","0","0","0","0","0","0","0","0","0","0","0","0","0","0","75","65","45","45","40","5","15","0x0","0x0","0x0","0x0","0x0","0x0","0x0","0x0","0x0","0x0","0x0","0x0","0x0","0x0"
"0xC1 Frelian","Name_Citizen","Desc_Citizen","0xc1","0x5","0x0","0x5","0","0x0","1","0","0","0","0","0","0","0","0","0","0","0","0","0","0","0","0","75","65","45","45","40","5","15","0x0","0x0","0x0","0x0","0x0","0x0","0x0","0x0","0x0","0x0","0x0","0x0","0x0","0x0"
"0xC2 -","Name_Enemy","0x0","0xc2","0x41","0x0","0x0","0","0x0","1","0","0","0","0","0","0","0","0","0","0","0","0","0","0","0","0","75","65","45","45","40","5","15","0x0","0x0","0x0","0x0","0x0","0x0","0x0","0x0","0x0","0x0","0x0","0x0","0x0","0x0"
"0xC3 -","Name_Enemy","0x0","0xc3","0x41","0x0","0x0","0","0x0","1","0","0","0","0","0","0","0","0","0","0","0","0","0","0","0","0","75","65","45","45","40","5","15","0x0","0x0","0x0","0x0","0x0","0x0","0x0","0x0","0x0","0x0","0x0","0x0","0x0","0x0"
"0xC4 -","Name_Enemy","0x0","0xc4","0x41","0x0","0x0","0","0x0","1","0","0","0","0","0","0","0","0","0","0","0","0","0","0","0","0","75","65","45","45","40","5","15","0x0","0x0","0x0","0x0","0x0","0x0","0x0","0x0","0x0","0x0","0x0","0x0","0x0","0x0"
"0xC5 Fado (Renais)","Name_Citizen","Desc_Citizen","0xc5","0x27","0x0","0x0","4","0x0","5","13","8","6","8","2","12","10","0","0","0","0","0","0","0","0","0","75","65","45","45","40","5","15","0x0","0x0","0x0","0x0","0x0","0x0","0x0","0x0","0x0","0x0","0x0","0x0","0x0","0x0"
"0xC6 -","Name_Enemy","0x0","0xc6","0x41","0x0","0x0","0","0x0","1","0","0","0","0","0","0","0","0","0","0","0","0","0","0","0","0","75","65","45","45","40","5","15","0x0","0x0","0x0","0x0","0x0","0x0","0x0","0x0","0x0","0x0","0x0","0x0","0x0","0x0"
"0xC7 Hayden (Frelia)","Name_Citizen","Desc_Citizen","0xc7","0x73","0x0","0x0","7","0x0","1","0","0","0","0","0","0","0","0","0","0","0","0","0","0","0","0","75","65","45","45","40","5","15","0x0","0x0","0x0","0x0","0x0","0x0","0x0","0x0","0x0","0x0","0x0","0x0","0x0","0x0"
"0xC8 Mansel (Rausten)","Name_Citizen","Desc_Citizen","0xc8","0x7a","0x0","0x0","6","0x0","1","11","11","3","2","5","8","17","0","0","0","0","0","0","0","0","0","75","65","45","45","40","5","15","0x0","0x0","0x0","0x0","0x0","0x0","0x0","0x0","0x0","0x0","0x0","0x0","0x0","0x0"
"0xC9 Klimt (Carcino)","Name_Citizen","Desc_Citizen","0xc9","0x2b","0x0","0x0","7","0x0","1","0","0","0","0","0","0","0","0","0","0","0","0","0","0","0","0","75","65","45","45","40","5","15","0x0","0x0","0x0","0x0","0x0","0x0","0x0","0x0","0x0","0x0","0x0","0x0","0x0","0x0"
"0xCA Dara (Caer Pelyn)","Name_Citizen","Desc_Citizen","0xca","0x2f","0x0","0x0","5","0x0","1","0","0","0","0","0","0","0","0","0","0","0","0","0","0","0","0","75","65","45","45","40","5","15","0x0","0x0","0x0","0x0","0x0","0x0","0x0","0x0","0x0","0x0","0x0","0x0","0x0","0x0"
"0xCB Ismaire (Jehanna)","Name_Citizen","Desc_Citizen","0xcb","0x74","0x0","0x0","3","0x0","4","14","10","9","11","4","12","12","0","0","0","0","0","0","0","0","0","75","65","45","45","40","5","15","0x0","0x0","0x0","0x0","0x0","0x0","0x40","0x0","0x0","0x0","0x0","0x0","0x0","0x0"
"0xCC Pegasus Messenger","Name_Citizen","Desc_Citizen","0xcc","0x48","0x0","0x0","3","0x0","1","3","2","2","5","0","2","7","0","0","31","0","0","0","0","0","0","75","65","45","45","40","5","15","0x0","0x0","0x0","0x0","0x0","0x0","0x40","0x0","0x0","0x0","0x0","0x0","0x0","0x0"
"0xCD Rausten Knight","Name_Citizen","Desc_Citizen","0xcd","0x9","0x0","0x5","0","0x0","1","0","0","0","0","0","0","0","0","0","0","0","0","0","0","0","0","75","65","45","45","40","5","15","0x0","0x0","0x0","0x0","0x0","0x0","0x0","0x0","0x0","0x0","0x0","0x0","0x0","0x0"
"0xCE Rausten Knight","Name_Citizen","Desc_Citizen","0xce","0x9","0x0","0x5","0","0x0","1","0","0","0","0","0","0","0","0","0","0","0","0","0","0","0","0","75","65","45","45","40","5","15","0x0","0x0","0x0","0x0","0x0","0x0","0x0","0x0","0x0","0x0","0x0","0x0","0x0","0x0"
"0xCF (Untested starting and beyond this point)","Name_Enemy","0x0","0xcf","0x41","0x0","0x0","0","0x0","0","0","0","0","0","0","0","0","0","0","0","0","0","0","0","0","0","0","0","0","0","0","0","0","0x0","0x0","0x0","0x0","0x0","0x0","0x0","0x0","0x0","0x0","0x0","0x0","0x0","0x0"
"0xD0 -","Name_Enemy","0x0","0xd0","0x41","0x0","0x0","0","0x0","0","0","0","0","0","0","0","0","0","0","0","0","0","0","0","0","0","0","0","0","0","0","0","0","0x0","0x0","0x0","0x0","0x0","0x0","0x0","0x0","0x0","0x0","0x0","0x0","0x0","0x0"
"0xD1 -","Name_Enemy","0x0","0xd1","0x41","0x0","0x0","0","0x0","0","0","0","0","0","0","0","0","0","0","0","0","0","0","0","0","0","0","0","0","0","0","0","0","0x0","0x0","0x0","0x0","0x0","0x0","0x0","0x0","0x0","0x0","0x0","0x0","0x0","0x0"
"0xD2 -","Name_Enemy","0x0","0xd2","0x41","0x0","0x0","0","0x0","0","0","0","0","0","0","0","0","0","0","0","0","0","0","0","0","0","0","0","0","0","0","0","0","0x0","0x0","0x0","0x0","0x0","0x0","0x0","0x0","0x0","0x0","0x0","0x0","0x0","0x0"
"0xD3 -","Name_Enemy","0x0","0xd3","0x41","0x0","0x0","0","0x0","0","0","0","0","0","0","0","0","0","0","0","0","0","0","0","0","0","0","0","0","0","0","0","0","0x0","0x0","0x0","0x0","0x0","0x0","0x0","0x0","0x0","0x0","0x0","0x0","0x0","0x0"
"0xD4 -","Name_Enemy","0x0","0xd4","0x41","0x0","0x0","0","0x0","0","0","0","0","0","0","0","0","0","0","0","0","0","0","0","0","0","0","0","0","0","0","0","0","0x0","0x0","0x0","0x0","0x0","0x0","0x0","0x0","0x0","0x0","0x0","0x0","0x0","0x0"
"0xD5 -","Name_Enemy","0x0","0xd5","0x41","0x0","0x0","0","0x0","0","0","0","0","0","0","0","0","0","0","0","0","0","0","0","0","0","0","0","0","0","0","0","0","0x0","0x0","0x0","0x0","0x0","0x0","0x0","0x0","0x0","0x0","0x0","0x0","0x0","0x0"
"0xD6 -","Name_Enemy","0x0","0xd6","0x41","0x0","0x0","0","0x0","0","0","0","0","0","0","0","0","0","0","0","0","0","0","0","0","0","0","0","0","0","0","0","0","0x0","0x0","0x0","0x0","0x0","0x0","0x0","0x0","0x0","0x0","0x0","0x0","0x0","0x0"
"0xD7 -","Name_Enemy","0x0","0xd7","0x41","0x0","0x0","0","0x0","0","0","0","0","0","0","0","0","0","0","0","0","0","0","0","0","0","0","0","0","0","0","0","0","0x0","0x0","0x0","0x0","0x0","0x0","0x0","0x0","0x0","0x0","0x0","0x0","0x0","0x0"
"0xD8 -","Name_Enemy","0x0","0xd8","0x41","0x0","0x0","0","0x0","0","0","0","0","0","0","0","0","0","0","0","0","0","0","0","0","0","0","0","0","0","0","0","0","0x0","0x0","0x0","0x0","0x0","0x0","0x0","0x0","0x0","0x0","0x0","0x0","0x0","0x0"
"0xD9 -","Name_Enemy","0x0","0xd9","0x41","0x0","0x0","0","0x0","0","0","0","0","0","0","0","0","0","0","0","0","0","0","0","0","0","0","0","0","0","0","0","0","0x0","0x0","0x0","0x0","0x0","0x0","0x0","0x0","0x0","0x0","0x0","0x0","0x0","0x0"
"0xDA -","Name_Enemy","0x0","0xda","0x41","0x0","0x0","0","0x0","0","0","0","0","0","0","0","0","0","0","0","0","0","0","0","0","0","0","0","0","0","0","0","0","0x0","0x0","0x0","0x0","0x0","0x0","0x0","0x0","0x0","0x0","0x0","0x0","0x0","0x0"
"0xDB -","Name_Enemy","0x0","0xdb","0x41","0x0","0x0","0","0x0","0","0","0","0","0","0","0","0","0","0","0","0","0","0","0","0","0","0","0","0","0","0","0","0","0x0","0x0","0x0","0x0","0x0","0x0","0x0","0x0","0x0","0x0","0x0","0x0","0x0","0x0"
"0xDC -","Name_Enemy","0x0","0xdc","0x41","0x0","0x0","0","0x0","0","0","0","0","0","0","0","0","0","0","0","0","0","0","0","0","0","0","0","0","0","0","0","0","0x0","0x0","0x0","0x0","0x0","0x0","0x0","0x0","0x0","0x0","0x0","0x0","0x0","0x0"
"0xDD -","Name_Enemy","0x0","0xdd","0x41","0x0","0x0","0","0x0","0","0","0","0","0","0","0","0","0","0","0","0","0","0","0","0","0","0","0","0","0","0","0","0","0x0","0x0","0x0","0x0","0x0","0x0","0x0","0x0","0x0","0x0","0x0","0x0","0x0","0x0"
"0xDE -","Name_Enemy","0x0","0xde","0x41","0x0","0x0","0","0x0","0","0","0","0","0","0","0","0","0","0","0","0","0","0","0","0","0","0","0","0","0","0","0","0","0x0","0x0","0x0","0x0","0x0","0x0","0x0","0x0","0x0","0x0","0x0","0x0","0x0","0x0"
"0xDF -","Name_Enemy","0x0","0xdf","0x41","0x0","0x0","0","0x0","0","0","0","0","0","0","0","0","0","0","0","0","0","0","0","0","0","0","0","0","0","0","0","0","0x0","0x0","0x0","0x0","0x0","0x0","0x0","0x0","0x0","0x0","0x0","0x0","0x0","0x0"
"0xE0 -","Name_Enemy","0x0","0xe0","0x41","0x0","0x0","0","0x0","0","0","0","0","0","0","0","0","0","0","0","0","0","0","0","0","0","0","0","0","0","0","0","0","0x0","0x0","0x0","0x0","0x0","0x0","0x0","0x0","0x0","0x0","0x0","0x0","0x0","0x0"
"0xE1 -","Name_Enemy","0x0","0xe1","0x41","0x0","0x0","0","0x0","0","0","0","0","0","0","0","0","0","0","0","0","0","0","0","0","0","0","0","0","0","0","0","0","0x0","0x0","0x0","0x0","0x0","0x0","0x0","0x0","0x0","0x0","0x0","0x0","0x0","0x0"
"0xE2 -","Name_Enemy","0x0","0xe2","0x41","0x0","0x0","0","0x0","0","0","0","0","0","0","0","0","0","0","0","0","0","0","0","0","0","0","0","0","0","0","0","0","0x0","0x0","0x0","0x0","0x0","0x0","0x0","0x0","0x0","0x0","0x0","0x0","0x0","0x0"
"0xE3 -","Name_Enemy","0x0","0xe3","0x41","0x0","0x0","0","0x0","0","0","0","0","0","0","0","0","0","0","0","0","0","0","0","0","0","0","0","0","0","0","0","0","0x0","0x0","0x0","0x0","0x0","0x0","0x0","0x0","0x0","0x0","0x0","0x0","0x0","0x0"
"0xE4 -","Name_Enemy","0x0","0xe4","0x41","0x0","0x0","0","0x0","0","0","0","0","0","0","0","0","0","0","0","0","0","0","0","0","0","0","0","0","0","0","0","0","0x0","0x0","0x0","0x0","0x0","0x0","0x0","0x0","0x0","0x0","0x0","0x0","0x0","0x0"
"0xE5 -","Name_Enemy","0x0","0xe5","0x41","0x0","0x0","0","0x0","0","0","0","0","0","0","0","0","0","0","0","0","0","0","0","0","0","0","0","0","0","0","0","0","0x0","0x0","0x0","0x0","0x0","0x0","0x0","0x0","0x0","0x0","0x0","0x0","0x0","0x0"
"0xE6 -","Name_Enemy","0x0","0xe6","0x41","0x0","0x0","0","0x0","0","0","0","0","0","0","0","0","0","0","0","0","0","0","0","0","0","0","0","0","0","0","0","0","0x0","0x0","0x0","0x0","0x0","0x0","0x0","0x0","0x0","0x0","0x0","0x0","0x0","0x0"
"0xE7 -","Name_Enemy","0x0","0xe7","0x41","0x0","0x0","0","0x0","0","0","0","0","0","0","0","0","0","0","0","0","0","0","0","0","0","0","0","0","0","0","0","0","0x0","0x0","0x0","0x0","0x0","0x0","0x0","0x0","0x0","0x0","0x0","0x0","0x0","0x0"
"0xE8 -","Name_Enemy","0x0","0xe8","0x41","0x0","0x0","0","0x0","0","0","0","0","0","0","0","0","0","0","0","0","0","0","0","0","0","0","0","0","0","0","0","0","0x0","0x0","0x0","0x0","0x0","0x0","0x0","0x0","0x0","0x0","0x0","0x0","0x0","0x0"
"0xE9 -","Name_Enemy","0x0","0xe9","0x41","0x0","0x0","0","0x0","0","0","0","0","0","0","0","0","0","0","0","0","0","0","0","0","0","0","0","0","0","0","0","0","0x0","0x0","0x0","0x0","0x0","0x0","0x0","0x0","0x0","0x0","0x0","0x0","0x0","0x0"
"0xEA -","Name_Enemy","0x0","0xea","0x41","0x0","0x0","0","0x0","0","0","0","0","0","0","0","0","0","0","0","0","0","0","0","0","0","0","0","0","0","0","0","0","0x0","0x0","0x0","0x0","0x0","0x0","0x0","0x0","0x0","0x0","0x0","0x0","0x0","0x0"
"0xEB -","Name_Enemy","0x0","0xeb","0x41","0x0","0x0","0","0x0","0","0","0","0","0","0","0","0","0","0","0","0","0","0","0","0","0","0","0","0","0","0","0","0","0x0","0x0","0x0","0x0","0x0","0x0","0x0","0x0","0x0","0x0","0x0","0x0","0x0","0x0"
"0xEC -","Name_Enemy","0x0","0xec","0x41","0x0","0x0","0","0x0","0","0","0","0","0","0","0","0","0","0","0","0","0","0","0","0","0","0","0","0","0","0","0","0","0x0","0x0","0x0","0x0","0x0","0x0","0x0","0x0","0x0","0x0","0x0","0x0","0x0","0x0"
"0xED -","Name_Enemy","0x0","0xed","0x41","0x0","0x0","0","0x0","0","0","0","0","0","0","0","0","0","0","0","0","0","0","0","0","0","0","0","0","0","0","0","0","0x0","0x0","0x0","0x0","0x0","0x0","0x0","0x0","0x0","0x0","0x0","0x0","0x0","0x0"
"0xEE -","Name_Enemy","0x0","0xee","0x41","0x0","0x0","0","0x0","0","0","0","0","0","0","0","0","0","0","0","0","0","0","0","0","0","0","0","0","0","0","0","0","0x0","0x0","0x0","0x0","0x0","0x0","0x0","0x0","0x0","0x0","0x0","0x0","0x0","0x0"
"0xEF -","Name_Enemy","0x0","0xef","0x41","0x0","0x0","0","0x0","0","0","0","0","0","0","0","0","0","0","0","0","0","0","0","0","0","0","0","0","0","0","0","0","0x0","0x0","0x0","0x0","0x0","0x0","0x0","0x0","0x0","0x0","0x0","0x0","0x0","0x0"
"0xF0 -","Name_Enemy","0x0","0xf0","0x41","0x0","0x0","0","0x0","0","0","0","0","0","0","0","0","0","0","0","0","0","0","0","0","0","0","0","0","0","0","0","0","0x0","0x0","0x0","0x0","0x0","0x0","0x0","0x0","0x0","0x0","0x0","0x0","0x0","0x0"
"0xF1 -","Name_Enemy","0x0","0xf1","0x41","0x0","0x0","0","0x0","0","0","0","0","0","0","0","0","0","0","0","0","0","0","0","0","0","0","0","0","0","0","0","0","0x0","0x0","0x0","0x0","0x0","0x0","0x0","0x0","0x0","0x0","0x0","0x0","0x0","0x0"
"0xF2 -","Name_Enemy","0x0","0xf2","0x41","0x0","0x0","0","0x0","0","0","0","0","0","0","0","0","0","0","0","0","0","0","0","0","0","0","0","0","0","0","0","0","0x0","0x0","0x0","0x0","0x0","0x0","0x0","0x0","0x0","0x0","0x0","0x0","0x0","0x0"
"0xF3 -","Name_Enemy","0x0","0xf3","0x41","0x0","0x0","0","0x0","0","0","0","0","0","0","0","0","0","0","0","0","0","0","0","0","0","0","0","0","0","0","0","0","0x0","0x0","0x0","0x0","0x0","0x0","0x0","0x0","0x0","0x0","0x0","0x0","0x0","0x0"
"0xF4 River Folk Child (F)","Name_Citizen","Desc_Citizen","0xf4","0x6d","0x0","0x5","0","0x0","1","0","0","0","0","2","0","0","0","0","0","0","0","0","0","0","0","85","25","60","10","15","15","25","0x0","0x0","0x0","0x0","0x0","0x0","0x0","0x0","0x0","0x0","0x0","0x0","0x0","0x0"
"0xF5 River Folk (F)","Name_Citizen","Desc_Citizen","0xf5","0x6e","0x0","0x5","0","0x0","1","0","0","0","0","2","0","0","0","0","0","0","0","0","0","0","0","85","25","60","10","15","15","25","0x0","0x0","0x0","0x0","0x0","0x0","0x40","0x0","0x0","0x0","0x0","0x0","0x0","0x0"
"0xF6 River Folk (M)","Name_Citizen","Desc_Citizen","0xf6","0x6f","0x0","0x5","0","0x0","1","0","0","0","0","2","0","0","0","0","0","0","0","0","0","0","0","85","25","60","10","15","15","25","0x0","0x0","0x0","0x0","0x0","0x0","0x0","0x0","0x0","0x0","0x0","0x0","0x0","0x0"
"0xF7 River Folk (F)","Name_Citizen","Desc_Citizen","0xf7","0x70","0x0","0x5","0","0x0","1","0","0","0","0","2","0","0","0","0","0","0","0","0","0","0","0","85","25","60","10","15","15","25","0x0","0x0","0x0","0x0","0x0","0x0","0x40","0x0","0x0","0x0","0x0","0x0","0x0","0x0"
"0xF8 River Folk Child","Name_Citizen","Desc_Citizen","0xf8","0x6d","0x0","0x5","0","0x0","1","0","0","0","0","2","0","0","0","0","0","0","0","0","0","0","0","85","25","60","10","15","15","25","0x0","0x0","0x0","0x0","0x0","0x0","0x0","0x0","0x0","0x0","0x0","0x0","0x0","0x0"
"0xF9 Renais Citizen 1 (Child)","Name_Citizen","Desc_Citizen","0xf9","0x6e","0x0","0x5","0","0x0","1","0","0","0","0","2","0","0","0","0","0","0","0","0","0","0","0","85","25","60","10","15","15","25","0x0","0x0","0x0","0x0","0x0","0x0","0x40","0x0","0x0","0x0","0x0","0x0","0x0","0x0"
"0xFA Renais Citizen 2","Name_Citizen","Desc_Citizen","0xfa","0x71","0x0","0x5","0","0x0","1","0","0","0","0","2","0","0","0","0","0","0","0","0","0","0","0","85","25","60","10","15","15","25","0x0","0x0","0x0","0x0","0x0","0x0","0x0","0x0","0x0","0x0","0x0","0x0","0x0","0x0"
"0xFB Renais Citizen 3","Name_Citizen","Desc_Citizen","0xfb","0x72","0x0","0x5","0","0x0","1","0","0","0","0","2","0","0","0","0","0","0","0","0","0","0","0","85","25","60","10","15","15","25","0x0","0x0","0x0","0x0","0x0","0x0","0x40","0x0","0x0","0x0","0x0","0x0","0x0","0x0"
"0xFC Old 'Citizen'","Name_Citizen","0x0","0xfc","0x71","0x0","0x5","0","0x0","1","0","0","0","0","2","0","0","0","0","0","0","0","0","0","0","0","85","25","60","10","15","15","25","0x0","0x0","0x0","0x0","0x0","0x0","0x0","0x0","0x0","0x0","0x3","0x0","0x0","0x0"
"0xFD Enemy","Name_Enemy","0x0","0xfd","0x41","0x0","0x0","0","0x0","0","0","0","0","0","0","0","0","0","0","0","0","0","0","0","0","0","0","0","0","0","0","0","0","0x0","0x0","0x0","0x0","0x0","0x0","0x0","0x0","0x0","0x0","0x0","0x0","0x0","0x0"
"0xFE Wall","Name_Wall","0x0","0xfe","0x41","0x0","0x0","0","0x0","0","0","0","0","0","0","0","0","0","0","0","0","0","0","0","0","0","0","0","0","0","0","0","0","0x0","0x0","0x0","0x0","0x0","0x0","0x0","0x0","0x0","0x0","0x0","0x0","0x0","0x0"
"0xFF Snag","Name_Snag","0x0","0xff","0x41","0x0","0x0","0","0x0","0","0","0","0","0","0","0","0","0","0","0","0","0","0","0","0","0","0","0","0","0","0","0","0","0x0","0x0","0x0","0x0","0x0","0x0","0x0","0x0","0x0","0x0","0x0","0x0","0x0","0x0"
