"0x807110","Class Name","Class Description","Class Number","Default Promotion","Map Sprite# (standing)","Walking Speed","Default Portrait","Sort Order","Base HP","Base STR/MGC","Base SKL","Base SPD","Base DEF","Base MDF","Base CON","Base MOV","Max HP","Max STR/MGC","Max SKL","Max SPD","Max DEF","Max MDF","Max CON","Class Relative Power","HP Growth","STR/MGC Growth","SKL Growth","SPD Growth","DEF Growth","MDF Growth","LUK Growth","HP Promotion Bonus","STR/MGC Promotion Bonus","SKL Promotion Bonus","SPD Promotion Bonus","DEF Promotion Bonus","MDF Promotion Bonus","Class Ability 1","Class Ability 2","Class Ability 3","Class Ability 4","Base Sword Level","Base Lance Level","Base Axe Level","Base Bow Level","Base Staff Level","Base Anima Level","Base Light Level","Base Dark Level","Battle Animation Pointer","Movement Type Pointer","Movement Cost(rain) Pointer","Movement Cost(snow) Pointer","Terrain avoid bonus","Terrain defence bonus","Terrain resistance bonus","ClassType"
"None","0x0","0x0","0x0","0x0","0x0","0","0x0","0x0","0","0","0","0","0","0","0","0","0","0","0","0","0","0","0","0","0","0","0","0","0","37","0","37","0","0","65","0","0","0x2","0x0","0x0","0x1","0","0","0","0","0","0","0","0","0x1f","0x0","0x231e143c","0x190f0f","0x0","0x0","0x0","0x0"
"Celica Priestess","CelicaP_ClassName","CelicaP_ClassDesc","CelicaPriestess","CelicaPrincess","0x0","0","CC_Priestess","0x1","24","5","1","1","1","0","5","5","52","40","40","40","40","40","20","5","85","45","40","45","15","15","40","0","0","0","0","0","0","0x0","IsLord","SwordmasterUnlock","UnlockCelica","W_Rank_D","0","0","0","0","W_Rank_D","W_Rank_D","0","CelicaPriestessAnim|IsPointer","LordMovement","LordMovement","LordMovement","TerrainBonus_Infantry_Avo","TerrainBonus_Infantry_Def","TerrainBonus_Infantry_Res","0x0"
"Alm Fighter","AlmFighter_ClassName","AlmF_ClassDesc","AlmFighter","AlmHero","0x1","0","CC_Mercenary","0x1","28","10","7","6","6","4","8","5","52","40","40","40","40","40","20","5","85","45","40","45","15","20","40","0","0","0","0","0","0","0x0","IsLord","SwordmasterUnlock","UnlockAlm","W_Rank_D","0","0","0","0","0","0","0","AlmFighterAnim|IsPointer","LordMovement","LordMovement","LordMovement","TerrainBonus_Infantry_Avo","TerrainBonus_Infantry_Def","TerrainBonus_Infantry_Res","0x0"
"Celica Princess","Princess_ClassName","CelicaT2_ClassDesc","CelicaPrincess","CelicaPriestess","0x2","0","CC_Priestess","0x2","32","13","10","12","6","8","7","5","52","40","40","40","40","40","20","5","85","45","40","45","15","15","40","0","0","0","0","0","0","0x0","IsPromoted|IsLord","SwordmasterUnlock","UnlockCelica","W_Rank_C","0","0","0","0","W_Rank_C","W_Rank_C","0","CelicaPrincessAnim|IsPointer","LordMovement","LordMovement","LordMovement","TerrainBonus_Infantry_Avo","TerrainBonus_Infantry_Def","TerrainBonus_Infantry_Res","0x0"
"Alm Hero","Hero_ClassName","AlmT2_ClassDesc","AlmHero","AlmFighter","0x3","0","CC_Myrmidon","0x2","36","16","14","14","10","4","10","5","52","40","40","40","40","40","20","5","85","45","40","45","15","20","40","0","0","0","0","0","0","0x0","IsPromoted|IsLord","SwordmasterUnlock","UnlockAlm","W_Rank_C","0","0","W_Rank_C","0","0","0","0","AlmHeroAnim|IsPointer","LordMovement","LordMovement","LordMovement","TerrainBonus_Infantry_Avo","TerrainBonus_Infantry_Def","TerrainBonus_Infantry_Res","0x0"
"Cavalier","Cav_ClassName","CavDesc","Cavalier","Paladin","0x4","0","CC_Cavalier","0x20","24","9","3","5","5","2","9","7","52","40","40","40","40","40","25","6","50","30","30","30","20","10","10","0","0","0","0","0","0","MountWithCanto","HorseIcon","0x0","0x0","0","W_Rank_D","0","0","0","0","0","0","CavalierAnim|IsPointer","Horse1Movement","Horse1Movement","Horse1Movement","TerrainBonus_Infantry_Avo","TerrainBonus_Infantry_Def","TerrainBonus_Infantry_Res","HorseType"
"Cavalier (F)","Cav_ClassName","CavDesc","Cavalier_F","Paladin_F","0x5","0","CC_Cavalier","0x20","24","8","4","6","5","2","9","7","52","40","40","40","40","40","25","6","45","25","30","40","15","20","10","0","0","0","0","0","0","MountWithCanto","HorseIcon|IsFemale","0x0","0x0","0","W_Rank_D","0","0","0","0","0","0","CavalierFAnim|IsPointer","Horse1Movement","Horse1Movement","Horse1Movement","TerrainBonus_Infantry_Avo","TerrainBonus_Infantry_Def","TerrainBonus_Infantry_Res","HorseType"
"Paladin","Paladin_ClassName","PaladinDesc","Paladin","GoldKnight","0x6","0","CC_Paladin","0x21","28","12","5","8","8","5","11","8","52","40","40","40","40","40","25","3","45","30","35","30","20","15","10","0","0","0","0","0","0","MountWithCanto","IsPromoted|HorseIcon","0x0","0x0","0","W_Rank_C","0","0","0","0","0","0","PaladinAnim|IsPointer","Horse2Movement","Horse2Movement","Horse2Movement","TerrainBonus_Infantry_Avo","TerrainBonus_Infantry_Def","TerrainBonus_Infantry_Res","HorseType"
"Paladin (F)","Paladin_ClassName","PaladinDesc","Paladin_F","GoldKnight_F","0x7","0","CC_Paladin","0x21","28","12","5","8","8","5","9","8","52","40","40","40","40","40","25","3","40","25","35","40","15","25","10","0","0","0","0","0","0","MountWithCanto","IsPromoted|HorseIcon|IsFemale","0x0","0x0","0","W_Rank_C","0","0","0","0","0","0","PaladinFAnim|IsPointer","Horse2Movement","Horse2Movement","Horse2Movement","TerrainBonus_Infantry_Avo","TerrainBonus_Infantry_Def","TerrainBonus_Infantry_Res","HorseType"
"Armour Knight","Knight_ClassName","KnightDesc","Knight","Baron","0xa","Walk_Slow","CC_Knight","0xc","34","16","2","2","12","1","13","4","52","40","40","40","40","40","20","5","45","40","40","10","40","5","10","0","0","0","0","0","0","0x0","IsPromoted","0x0","0x0","0","W_Rank_C","W_Rank_E","0","0","0","0","0","KnightAnim|IsPointer","ArmorMovement","ArmorMovement","ArmorMovement","TerrainBonus_Infantry_Avo","TerrainBonus_Infantry_Def","TerrainBonus_Infantry_Res","ArmorType"
"Armour Knight (F)","Knight_ClassName","KnightDesc","Knight_F","Baron_F","0xa","Walk_Slow","CC_Knight","0xc","34","16","2","2","12","1","10","4","52","40","40","40","40","40","20","5","45","40","40","10","40","5","10","0","0","0","0","0","0","0x0","IsPromoted|IsFemale","0x0","0x0","0","W_Rank_C","W_Rank_E","0","0","0","0","0","KnightAnim|IsPointer","ArmorMovement","ArmorMovement","ArmorMovement","TerrainBonus_Infantry_Avo","TerrainBonus_Infantry_Def","TerrainBonus_Infantry_Res","ArmorType"
"General","Baron_ClassName","BaronDesc","Baron","Knight","0xb","Walk_Slow","CC_Baron","0xd","40","22","6","4","18","7","15","4","52","40","40","40","40","40","25","1","65","55","45","15","45","5","10","0","0","0","0","0","0","0x0","IsPromoted","0x0","0x0","W_Rank_E","W_Rank_B","W_Rank_C","0","0","0","0","0","BaronAnim|IsPointer","ArmorMovement","ArmorMovement","ArmorMovement","TerrainBonus_Infantry_Avo","TerrainBonus_Infantry_Def","TerrainBonus_Infantry_Res","ArmorType"
"General (F)","Baron_ClassName","BaronDesc","Baron_F","Knight_F","0xb","Walk_Slow","CC_Baron","0xd","40","22","6","4","18","7","11","4","52","40","40","40","40","40","25","1","65","55","45","15","45","5","10","0","0","0","0","0","0","0x0","IsPromoted|IsFemale","0x0","0x0","W_Rank_E","W_Rank_B","W_Rank_C","0","0","0","0","0","BaronAnim|IsPointer","ArmorMovement","ArmorMovement","ArmorMovement","TerrainBonus_Infantry_Avo","TerrainBonus_Infantry_Def","TerrainBonus_Infantry_Res","ArmorType"
"Thief","Thief_ClassName","ThiefDesc","Thief","Rogue","0xc","0","CC_Thief","0x7","16","3","1","9","2","0","6","5","52","40","40","40","40","40","20","10","20","25","50","60","10","20","10","0","0","0","0","0","0","ThiefAbility","0x0","0x0","0x0","W_Rank_E","0","0","0","0","0","0","0","ThiefAnim|IsPointer","ThiefMovement","ThiefMovement","ThiefMovement","TerrainBonus_Infantry_Avo","TerrainBonus_Infantry_Def","TerrainBonus_Infantry_Res","SwordType"
"Thief (F)","Thief_ClassName","ThiefDesc","Thief_F","Rogue_F","0xd","0","CC_Thief","0x7","16","2","2","9","2","0","6","5","52","40","40","40","40","40","20","10","20","25","50","60","10","20","10","0","0","0","0","0","0","ThiefAbility","IsFemale","0x0","0x0","W_Rank_E","0","0","0","0","0","0","0","ThiefFAnim|IsPointer","ThiefMovement","ThiefMovement","ThiefMovement","TerrainBonus_Infantry_Avo","TerrainBonus_Infantry_Def","TerrainBonus_Infantry_Res","SwordType"
"Mercenary","Merc_ClassName","MercDesc","Mercenary","Myrmidon","0x10","0","CC_Mercenary","0x3","24","8","8","10","4","1","7","4","52","40","40","40","40","40","20","7","25","25","40","45","15","5","10","0","0","0","0","0","0","0x0","0x0","0x0","0x0","W_Rank_D","0","0","0","0","0","0","0","MercAnim|IsPointer","InfantryMovement","InfantryMovement","InfantryMovement","TerrainBonus_Infantry_Avo","TerrainBonus_Infantry_Def","TerrainBonus_Infantry_Res","SwordType"
"Mercenary (F)","Merc_ClassName","MercDesc","Mercenary_F","Myrmidon_F","0x11","0","CC_Mercenary","0x3","24","8","8","10","4","1","8","4","52","40","40","40","40","40","20","7","25","25","40","45","15","5","10","0","0","0","0","0","0","0x0","IsFemale","0x0","0x0","W_Rank_D","0","0","0","0","0","0","0","MercAnim|IsPointer","InfantryMovement","InfantryMovement","InfantryMovement","TerrainBonus_Infantry_Avo","TerrainBonus_Infantry_Def","TerrainBonus_Infantry_Res","SwordType"
"Hero","Myrm_ClassName","MyrmDesc","Myrmidon","DreadFighter","0x12","0","CC_Myrmidon","0x4","30","11","11","14","7","6","9","5","52","40","40","40","40","40","25","4","25","30","40","45","15","5","10","0","0","0","0","0","0","0x0","IsPromoted","0x0","0x0","W_Rank_C","0","0","0","0","0","0","0","MyrmAnim|IsPointer","InfantryMovement","InfantryMovement","InfantryMovement","TerrainBonus_Infantry_Avo","TerrainBonus_Infantry_Def","TerrainBonus_Infantry_Res","SwordType"
"Hero (F)","Myrm_ClassName","MyrmDesc","Myrmidon_F","DreadFighter_F","0x13","0","CC_Myrmidon","0x4","30","11","11","14","7","6","9","5","52","40","40","40","40","40","25","4","25","30","40","45","15","5","10","0","0","0","0","0","0","0x0","IsPromoted|IsFemale","0x0","0x0","W_Rank_C","0","0","0","0","0","0","0","MyrmAnim|IsPointer","InfantryMovement","InfantryMovement","InfantryMovement","TerrainBonus_Infantry_Avo","TerrainBonus_Infantry_Def","TerrainBonus_Infantry_Res","SwordType"
"(empty)","0x0","0x0","0x13","0x15","0x66","0","0x0","0x0","0","0","0","0","0","0","0","0","0","0","0","0","0","0","0","5","0","0","0","0","0","0","10","0","0","0","0","0","0","0x0","0x0","0x0","0x0","0","0","0","0","0","0","0","0","0x0","0x0","0x0","0x0","TerrainBonus_Infantry_Avo","TerrainBonus_Infantry_Def","TerrainBonus_Infantry_Res","0x0"
"(empty)","0x0","0x0","0x14","0x16","0x66","0","0x0","0x0","0","0","0","0","0","0","0","0","0","0","0","0","0","0","0","5","0","0","0","0","0","0","10","0","0","0","0","0","0","0x0","0x0","0x0","0x0","0","0","0","0","0","0","0","0","0x0","0x0","0x0","0x0","TerrainBonus_Infantry_Avo","TerrainBonus_Infantry_Def","TerrainBonus_Infantry_Res","0x0"
"Dread Fighter","DF_ClassName","DFDesc","DreadFighter","Villager","0x14","0","CC_DF","0x6","36","15","16","18","11","6","9","7","52","40","40","40","40","40","25","2","35","40","50","55","10","5","10","0","0","0","0","0","0","0x0","IsPromoted","SwordmasterUnlock","0x0","W_Rank_B","0","0","0","0","0","0","0","DFAnim|IsPointer","InfantryMovement","InfantryMovement","InfantryMovement","TerrainBonus_Infantry_Avo","TerrainBonus_Infantry_Def","TerrainBonus_Infantry_Res","SwordType"
"Dread Fighter (F)","DF_ClassName","DF_FDesc","DreadFighter_F","Villager_F","0x15","0","CC_DF","0x6","36","15","16","18","11","6","6","6","52","40","40","40","40","40","25","2","35","40","50","55","10","5","10","0","0","0","0","0","0","0x0","IsPromoted|IsFemale","SwordmasterUnlock","0x0","W_Rank_B","0","0","0","0","W_Rank_B","W_Rank_C","W_Rank_E","FDFAnim|IsPointer","InfantryMovement","InfantryMovement","InfantryMovement","TerrainBonus_Infantry_Avo","TerrainBonus_Infantry_Def","TerrainBonus_Infantry_Res","SwordType"
"Rogue","Rogue_ClassName","RogueDesc","Rogue","Thief","0xe","0","CC_Rogue","0x8","18","10","10","16","6","0","8","6","52","40","40","40","40","40","20","7","25","20","50","55","5","20","10","0","0","0","0","0","0","ThiefAbility","IsPromoted","SwordmasterUnlock","0x0","W_Rank_D","0","0","0","0","0","0","0","RogueAnim|IsPointer","ThiefMovement","ThiefMovement","ThiefMovement","TerrainBonus_Infantry_Avo","TerrainBonus_Infantry_Def","TerrainBonus_Infantry_Res","SwordType"
"Rogue (F)","Rogue_ClassName","RogueDesc","Rogue_F","Thief_F","0xf","0","CC_Rogue","0x8","18","10","10","16","6","0","6","6","52","40","40","40","40","40","20","7","25","20","50","55","5","20","10","0","0","0","0","0","0","ThiefAbility","IsPromoted|IsFemale","SwordmasterUnlock","0x0","W_Rank_D","0","0","0","0","0","0","0","RogueFAnim|IsPointer","ThiefMovement","ThiefMovement","ThiefMovement","TerrainBonus_Infantry_Avo","TerrainBonus_Infantry_Def","TerrainBonus_Infantry_Res","SwordType"
"Archer","Archer_ClassName","ArcherDesc","Archer","Sniper","0x16","0","CC_Archer","0xa","24","9","1","2","3","0","7","4","52","40","40","40","40","40","20","7","25","25","75","20","10","10","10","0","0","0","0","0","0","UseBallista","0x0","0x0","0x0","0","0","0","W_Rank_D","0","0","0","0","ArcherAnim|IsPointer","InfantryMovement","InfantryMovement","InfantryMovement","TerrainBonus_Infantry_Avo","TerrainBonus_Infantry_Def","TerrainBonus_Infantry_Res","0x0"
"Archer (F)","Archer_ClassName","ArcherDesc","Archer_F","Sniper_F","0x17","0","CC_Archer_F","0xa","24","9","1","2","3","0","5","4","52","40","40","40","40","40","20","7","25","20","75","25","10","10","10","0","0","0","0","0","0","UseBallista","IsFemale","0x0","0x0","0","0","0","W_Rank_D","0","0","0","0","ArcherFAnim|IsPointer","InfantryMovement","InfantryMovement","InfantryMovement","TerrainBonus_Infantry_Avo","TerrainBonus_Infantry_Def","TerrainBonus_Infantry_Res","0x0"
"Sniper","Sniper_ClassName","SniperDesc","Sniper","BowKnight","0x18","0","CC_Sniper","0xb","30","12","6","6","6","2","8","5","52","40","40","40","40","40","20","4","30","35","80","30","10","10","10","0","0","0","0","0","0","UseBallista","IsPromoted","0x0","0x0","0","0","0","W_Rank_C","0","0","0","0","SniperAnim|IsPointer","InfantryMovement","InfantryMovement","InfantryMovement","TerrainBonus_Infantry_Avo","TerrainBonus_Infantry_Def","TerrainBonus_Infantry_Res","0x0"
"Sniper (F)","Sniper_ClassName","SniperDesc","Sniper_F","BowKnight_F","0x19","0","CC_Sniper_F","0xb","30","12","6","6","6","2","6","5","52","40","40","40","40","40","20","4","30","30","80","35","10","10","10","0","0","0","0","0","0","UseBallista","IsPromoted|IsFemale","0x0","0x0","0","0","0","W_Rank_C","0","0","0","0","SniperFAnim|IsPointer","InfantryMovement","InfantryMovement","InfantryMovement","TerrainBonus_Infantry_Avo","TerrainBonus_Infantry_Def","TerrainBonus_Infantry_Res","0x0"
"Ranger","BowKnight_ClassName","BowKnight_Desc","BowKnight","Archer","0x1a","0","CC_BowKnight","0xc","40","16","8","8","10","6","9","8","52","40","40","40","40","40","25","1","20","35","85","40","5","5","10","0","0","0","0","0","0","MountWithCanto","IsPromoted|HorseIcon","0x0","0x0","0","0","0","W_Rank_B","0","0","0","0","BowKnightAnim|IsPointer","Horse1Movement","Horse1Movement","Horse1Movement","TerrainBonus_Infantry_Avo","TerrainBonus_Infantry_Def","TerrainBonus_Infantry_Res","HorseType"
"Ranger (F)","BowKnight_ClassName","BowKnight_Desc","BowKnight_F","Archer_F","0x1a","0","CC_BowKnight","0xc","40","16","8","8","10","6","8","8","52","40","40","40","40","40","25","1","20","30","85","45","5","5","10","0","0","0","0","0","0","MountWithCanto","IsPromoted|HorseIcon|IsFemale","0x0","0x0","0","0","0","W_Rank_B","0","0","0","0","BowKnightAnim|IsPointer","Horse1Movement","Horse1Movement","Horse1Movement","TerrainBonus_Infantry_Avo","TerrainBonus_Infantry_Def","TerrainBonus_Infantry_Res","HorseType"
"Wyvern Rider","WyvernRider_ClassName","WyvernRider_Desc","WyvernRider","WyvernLord","0x1b","0","CC_WyvernRider","0xd","24","9","3","5","8","0","10","7","52","40","40","40","40","40","25","3","45","45","40","30","25","5","10","0","0","0","0","0","0","MountWithCanto","DragonIcon","0x0","0x0","0","0","W_Rank_D","0","0","0","0","0","WyvernRiderAnim|IsPointer","FlierMovement","FlierMovement","FlierMovement","TerrainBonus_Flier_Avo","TerrainBonus_Flier_Def","TerrainBonus_Flier_Res","(FlierType|DragonType)"
"Wyvern Rider (F)","WyvernRider_ClassName","WyvernRider_Desc","WyvernRider_F","WyvernLord_F","0x1b","0","CC_WyvernRider","0xd","24","9","5","5","7","0","9","7","52","40","40","40","40","40","25","3","45","45","40","30","25","5","10","0","0","0","0","0","0","MountWithCanto","DragonIcon|IsFemale","0x0","0x0","0","0","W_Rank_D","0","0","0","0","0","WyvernRiderAnim|IsPointer","FlierMovement","FlierMovement","FlierMovement","TerrainBonus_Flier_Avo","TerrainBonus_Flier_Def","TerrainBonus_Flier_Res","(FlierType|DragonType)"
"Wyvern Lord","WyvernLord_ClassName","WyvernLord_Desc","WyvernLord","WyvernRider","0x1c","0","CC_WyvernLord","0xe","30","14","5","10","10","1","11","8","52","40","40","40","40","40","25","3","60","45","45","35","20","5","10","0","0","0","0","0","0","MountWithCanto","IsPromoted|DragonIcon","0x0","0x0","0","0","W_Rank_C","0","0","0","0","0","WyvernLordAnim|IsPointer","FlierMovement","FlierMovement","FlierMovement","TerrainBonus_Flier_Avo","TerrainBonus_Flier_Def","TerrainBonus_Flier_Res","(FlierType|DragonType)"
"Wyvern Lord (F)","WyvernLord_ClassName","WyvernLord_Desc","WyvernLord_F","WyvernRider_F","0x1c","0","CC_WyvernLord","0xe","30","14","5","10","9","2","10","8","52","40","40","40","40","40","25","3","60","45","45","35","20","5","10","0","0","0","0","0","0","MountWithCanto","IsPromoted|DragonIcon|IsFemale","0x0","0x0","0","0","W_Rank_C","0","0","0","0","0","WyvernLordAnim|IsPointer","FlierMovement","FlierMovement","FlierMovement","TerrainBonus_Flier_Avo","TerrainBonus_Flier_Def","TerrainBonus_Flier_Res","(FlierType|DragonType)"
"Wyvern Knight","Dracoknight_ClassName","Dracoknight_Desc","Dracoknight","WyvernRider","0x1f","0","CC_DracoKnight","0xf","30","12","8","12","7","1","10","8","52","40","40","40","40","40","25","3","30","30","45","45","15","15","10","0","0","0","0","0","0","MountWithCanto","IsPromoted|DragonIcon","0x0","0x0","0","W_Rank_C","0","0","0","0","0","0","DracoKnightAnim|IsPointer","FlierMovement","FlierMovement","FlierMovement","TerrainBonus_Flier_Avo","TerrainBonus_Flier_Def","TerrainBonus_Flier_Res","(FlierType|DragonType)"
"Wyvern Knight (F)","Dracoknight_ClassName","Dracoknight_Desc","Dracoknight_F","WyvernRider_F","0x1f","0","CC_DracoKnight","0xf","30","12","8","12","6","2","9","8","52","40","40","40","40","40","25","3","30","30","45","45","15","15","10","0","0","0","0","0","0","MountWithCanto","IsPromoted|DragonIcon|IsFemale","0x0","0x0","0","W_Rank_C","0","0","0","0","0","0","DracoKnightAnim|IsPointer","FlierMovement","FlierMovement","FlierMovement","TerrainBonus_Flier_Avo","TerrainBonus_Flier_Def","TerrainBonus_Flier_Res","(FlierType|DragonType)"
"Mage","Mage_ClassName","MageDesc","Mage","Sage","0x20","0","CC_Mage","0x12","28","8","3","4","5","8","6","4","52","40","40","40","40","40","20","5","20","30","35","30","10","20","10","0","0","0","0","0","0","0x0","0x0","0x0","0x0","0","0","0","0","0","W_Rank_D","W_Rank_E","0","MageAnim|IsPointer","MageMovement","MageMovement","MageMovement","TerrainBonus_Infantry_Avo","TerrainBonus_Infantry_Def","TerrainBonus_Infantry_Res","0x0"
"Mage (F)","MageF_ClassName","MageDesc","Mage_F","Priestess","0x21","0","CC_Mage_F","0x12","20","9","1","7","2","10","4","4","52","40","40","40","40","40","20","6","15","55","30","40","5","5","10","0","0","0","0","0","0","0x0","IsFemale","0x0","0x0","0","0","0","0","0","W_Rank_D","W_Rank_E","W_Rank_E","MageFAnim|IsPointer","MageMovement","MageMovement","MageMovement","TerrainBonus_Infantry_Avo","TerrainBonus_Infantry_Def","TerrainBonus_Infantry_Res","0x0"
"Sage","Sage_ClassName","SageDesc","Sage","Mage","0x22","0","CC_Sage","0x13","32","12","8","7","6","9","7","5","52","40","40","40","40","40","20","2","30","35","45","35","10","15","10","0","0","0","0","0","0","0x0","IsPromoted","0x0","0x0","0","0","0","0","0","W_Rank_C","W_Rank_D","0","SageAnim|IsPointer","MageMovement","MageMovement","MageMovement","TerrainBonus_Infantry_Avo","TerrainBonus_Infantry_Def","TerrainBonus_Infantry_Res","0x0"
"Sage (F)","Priestess_ClassName","GenPriestess_Desc","Priestess","DreadFighter_F","0x23","0","CC_Priestess","0x13","32","12","8","9","6","12","5","5","52","40","40","40","40","40","20","2","20","60","25","40","20","5","10","0","0","0","0","0","0","0x0","IsPromoted|IsFemale","0x0","0x0","W_Rank_D","0","0","0","0","W_Rank_C","W_Rank_D","W_Rank_E","SageFAnim|IsPointer","MageMovement","MageMovement","MageMovement","TerrainBonus_Infantry_Avo","TerrainBonus_Infantry_Def","TerrainBonus_Infantry_Res","0x0"
"Witch (Rinea)","Witch_ClassName","RineaWitchDesc","Witch_Rinea","Mage_F","0x24","0","CC_Witch","0x14","34","16","13","12","9","16","4","4","52","40","40","40","40","40","20","2","30","60","50","45","5","5","5","0","0","0","0","0","0","0x0","IsPromoted|IsFemale","0x0","0x0","0","0","0","0","0","W_Rank_C","W_Rank_D","0","RineaWitchAnim|IsPointer","MageMovement","MageMovement","MageMovement","TerrainBonus_Flier_Avo","TerrainBonus_Flier_Def","TerrainBonus_Flier_Res","0x0"
"Witch (F)","Witch_ClassName","WitchDesc","Witch","Mage_F","0x25","0","CC_Witch","0x14","22","10","12","8","4","14","4","4","52","40","40","40","40","40","20","2","10","65","25","30","5","40","5","0","0","0","0","0","0","0x0","IsPromoted|IsFemale","0x0","0x0","0","0","0","0","0","W_Rank_C","W_Rank_D","0","WitchAnim|IsPointer","MageMovement","MageMovement","MageMovement","TerrainBonus_Flier_Avo","TerrainBonus_Flier_Def","TerrainBonus_Flier_Res","0x0"
"Bishop","Bishop_ClassName","BishopDesc","Bishop","Sage","0x26","0","CC_Sage","0x18","30","10","7","8","5","8","7","5","52","40","40","40","40","40","20","7","30","20","65","0","5","50","10","0","0","0","0","0","0","0x0","IsPromoted","0x0","0x0","0","0","0","0","0","W_Rank_B","W_Rank_B","0","BishopAnim|IsPointer","MageMovement","MageMovement","MageMovement","TerrainBonus_Infantry_Avo","TerrainBonus_Infantry_Def","TerrainBonus_Infantry_Res","0x0"
"Bishop (F)","Saint_ClassName","BishopDesc","Saint","Cleric","0x28","0","CC_Saint","0x18","30","10","7","8","5","8","5","5","52","40","40","40","40","40","20","7","25","50","15","5","5","50","10","0","0","0","0","0","0","0x0","IsPromoted|IsFemale","0x0","0x0","0","0","0","0","0","0","W_Rank_B","0","SaintAnim|IsPointer","MageMovement","MageMovement","MageMovement","TerrainBonus_Infantry_Avo","TerrainBonus_Infantry_Def","TerrainBonus_Infantry_Res","0x0"
"Shaman","Shaman_ClassName","ShamanDesc","Shaman","Arcanist","0x29","Walk_Slow","CC_Shaman","0x1b","26","8","3","4","5","8","7","4","52","40","40","40","40","40","20","5","20","40","40","15","5","15","5","0","0","0","0","0","0","0x0","0x0","0x0","0x0","0","0","0","0","0","0","W_Rank_E","W_Rank_D","ShamanAnim|IsPointer","MageMovement","MageMovement","MageMovement","TerrainBonus_Infantry_Avo","TerrainBonus_Infantry_Def","TerrainBonus_Infantry_Res","0x0"
"Shaman (F)","Shaman_ClassName","ShamanDesc","Shaman_F","Arcanist_F","0x29","Walk_Slow","CC_Shaman","0x1b","26","8","3","4","5","8","5","4","52","40","40","40","40","40","20","5","20","40","40","15","5","15","5","0","0","0","0","0","0","0x0","IsFemale","0x0","0x0","0","0","0","0","0","0","W_Rank_E","W_Rank_D","ShamanAnim|IsPointer","MageMovement","MageMovement","MageMovement","TerrainBonus_Infantry_Avo","TerrainBonus_Infantry_Def","TerrainBonus_Infantry_Res","0x0"
"Druid","Arcanist_ClassName","ArcanistDesc","Arcanist","Shaman","0x2a","Walk_Slow","CC_Arcanist","0x1c","30","12","8","7","6","9","8","4","52","40","40","40","40","40","20","2","25","45","45","15","5","10","5","0","0","0","0","0","0","0x0","IsPromoted","0x0","0x0","0","0","0","0","0","W_Rank_D","W_Rank_E","W_Rank_C","ArcanistAnim|IsPointer","MageMovement","MageMovement","MageMovement","TerrainBonus_Infantry_Avo","TerrainBonus_Infantry_Def","TerrainBonus_Infantry_Res","0x0"
"Druid (F)","Arcanist_ClassName","ArcanistDesc","Arcanist_F","Shaman_F","0x2a","Walk_Slow","CC_Arcanist","0x1c","30","12","8","7","6","9","6","4","52","40","40","40","40","40","20","2","25","45","45","15","5","10","5","0","0","0","0","0","0","0x0","IsPromoted|IsFemale","0x0","0x0","0","0","0","0","0","W_Rank_D","W_Rank_E","W_Rank_C","ArcanistAnim|IsPointer","MageMovement","MageMovement","MageMovement","TerrainBonus_Infantry_Avo","TerrainBonus_Infantry_Def","TerrainBonus_Infantry_Res","0x0"
"Summoner","Cantor_ClassName","CantorDesc","Cantor","Shaman","0x2b","Walk_Slow","CC_Cantor","0x1d","32","12","8","7","6","9","8","4","52","40","40","40","40","40","20","2","25","45","40","10","5","30","5","0","0","0","0","0","0","0x0","IsPromoted","0x0","Summoning","0","0","0","0","0","0","W_Rank_E","W_Rank_C","CantorAnim|IsPointer","MageMovement","MageMovement","MageMovement","TerrainBonus_Infantry_Avo","TerrainBonus_Infantry_Def","TerrainBonus_Infantry_Res","0x0"
"Summoner (Nuibaba)","Cantor_ClassName","CantorDesc","Cantor_F","Shaman_F","0x2b","Walk_Slow","CC_Cantor","0x1d","32","12","12","8","4","14","6","4","52","40","40","40","40","40","20","2","25","45","40","10","5","30","5","0","0","0","0","0","0","0x0","IsPromoted|IsFemale","0x0","Summoning","0","0","0","0","0","0","W_Rank_E","W_Rank_C","NuibabaAnim|IsPointer","MageMovement","MageMovement","MageMovement","TerrainBonus_Infantry_Avo","TerrainBonus_Infantry_Def","TerrainBonus_Infantry_Res","0x0"
"(empty)","0x0","0x0","0x33","0xd","0x66","0","0x0","0x0","0","0","0","0","0","0","0","0","0","0","0","0","0","0","0","5","0","0","0","0","0","0","10","0","0","0","0","0","0","0x0","0x0","0x0","0x0","0","0","0","0","0","0","0","0","0x0","0x0","0x0","0x0","TerrainBonus_Infantry_Avo","TerrainBonus_Infantry_Def","TerrainBonus_Infantry_Res","0x0"
"Gorgon Egg","GEgg_ClassName","GorgonEgg_Desc","GorgonEgg","0x0","0x4a","0","CC_Gorgon","0x0","50","0","0","0","10","10","6","0","52","40","40","40","40","40","30","3","100","0","0","0","0","0","0","0","0","0","0","0","0","0x0","0x0","0x0","0x0","0","0","0","0","0","0","0","0","0x0","0x0","0x0","0x0","TerrainBonus_Infantry_Avo","TerrainBonus_Infantry_Def","TerrainBonus_Infantry_Res","MonsterType"
"Great Knight","GK_ClassName","GK_Desc","GoldKnight","Cavalier","0x8","0","CC_GoldKnight","0x22","40","18","7","12","13","6","13","9","52","40","40","40","40","40","25","1","35","45","40","50","30","20","10","0","0","0","0","0","0","MountWithCanto","IsPromoted|HorseIcon","0x0","0x0","0","W_Rank_B","0","0","0","0","0","0","GKAnim|IsPointer","Horse2Movement","Horse2Movement","Horse2Movement","TerrainBonus_Infantry_Avo","TerrainBonus_Infantry_Def","TerrainBonus_Infantry_Res","HorseType"
"Great Knight (F)","GK_ClassName","GK_Desc","GoldKnight_F","Cavalier_F","0x8","0","CC_GoldKnight","0x22","40","18","7","12","13","6","10","9","52","40","40","40","40","40","25","1","30","40","40","55","25","30","10","0","0","0","0","0","0","MountWithCanto","IsPromoted|HorseIcon|IsFemale","0x0","0x0","0","W_Rank_B","0","0","0","0","0","0","GK_F_Anim|IsPointer","Horse2Movement","Horse2Movement","Horse2Movement","TerrainBonus_Infantry_Avo","TerrainBonus_Infantry_Def","TerrainBonus_Infantry_Res","HorseType"
"(empty)","0x0","0x0","0x37","0x3a","0x66","0","0x0","0x0","0","0","0","0","0","0","0","0","0","0","0","0","0","0","0","5","0","0","0","0","0","0","10","0","0","0","0","0","0","0x0","0x0","0x0","0x0","0","0","0","0","0","0","0","0","0x0","0x0","0x0","0x0","TerrainBonus_Infantry_Avo","TerrainBonus_Infantry_Def","TerrainBonus_Infantry_Res","0x0"
"(empty)","0x0","0x0","0x38","0x7e","0x66","0","0x0","0x0","0","0","0","0","0","0","0","0","0","0","0","0","0","0","0","5","0","0","0","0","0","0","10","0","0","0","0","0","0","0x0","0x0","0x0","0x0","0","0","0","0","0","0","0","0","0x0","0x0","0x0","0x0","TerrainBonus_Infantry_Avo","TerrainBonus_Infantry_Def","TerrainBonus_Infantry_Res","0x0"
"(empty)","0x0","0x0","0x39","0x7f","0x66","0","0x0","0x0","0","0","0","0","0","0","0","0","0","0","0","0","0","0","0","5","0","0","0","0","0","0","10","0","0","0","0","0","0","0x0","0x0","0x0","0x0","0","0","0","0","0","0","0","0","0x0","0x0","0x0","0x0","TerrainBonus_Infantry_Avo","TerrainBonus_Infantry_Def","TerrainBonus_Infantry_Res","0x0"
"(empty)","0x0","0x0","0x3a","0x37","0x66","0","0x0","0x0","0","0","0","0","0","0","0","0","0","0","0","0","0","0","0","5","0","0","0","0","0","0","10","0","0","0","0","0","0","0x0","0x0","0x0","0x0","0","0","0","0","0","0","0","0","0x0","0x0","0x0","0x0","TerrainBonus_Infantry_Avo","TerrainBonus_Infantry_Def","TerrainBonus_Infantry_Res","0x0"
"Manakete","Manakete_ClassName","ManaketeDesc","0x3b","0x1f","0x4f","0","CC_WhiteDragon","0x1f","20","0","0","2","1","1","25","3","52","40","40","40","40","40","25","3","85","35","25","15","5","10","10","0","0","0","0","0","0","0x0","IsPromoted|DragonIcon","UseMonsterWeapons","0x0","0","0","0","0","0","0","0","0","WhiteDragonAnim|IsPointer","FlierMovement","FlierMovement","FlierMovement","TerrainBonus_Flier_Avo","TerrainBonus_Flier_Def","TerrainBonus_Flier_Res","(FlierType|DragonType)"
"Manakete (F)","Manakete_ClassName","ManaketeDesc","0x3c","0x20","0x4f","0","CC_Villager","0x1f","12","0","0","2","2","2","5","6","52","40","40","40","40","40","20","3","85","35","25","15","5","10","10","0","0","0","0","0","0","0x0","IsPromoted|DragonIcon","UseMonsterWeapons","0x0","0","0","0","0","0","0","0","0","0x0","FlierMovement","FlierMovement","FlierMovement","TerrainBonus_Flier_Avo","TerrainBonus_Flier_Def","TerrainBonus_Flier_Res","(FlierType|DragonType)"
"Villager M (1)","Villager_ClassName","Villager_Desc","Villager","0x0","0x2d","0","CC_Villager","0x27","20","7","1","2","2","0","6","4","52","40","40","40","40","40","20","10","75","50","35","27","13","20","10","0","0","0","0","0","0","0x0","0x0","0x0","0x0","W_Rank_E","0","0","0","0","0","0","0","VillagerMAnim|IsPointer","InfantryMovement","InfantryMovement","InfantryMovement","TerrainBonus_Infantry_Avo","TerrainBonus_Infantry_Def","TerrainBonus_Infantry_Res","0x0"
"Villager F (1)","Villager_ClassName","Villager_Desc","Villager_F","0x0","0x2e","0","CC_Villager","0x29","20","7","1","2","2","0","4","4","52","40","40","40","40","40","20","10","45","50","35","30","5","30","10","0","0","0","0","0","0","0x0","IsFemale","0x0","0x0","W_Rank_E","0","0","0","0","0","0","0","VillagerFAnim|IsPointer","InfantryMovement","InfantryMovement","InfantryMovement","TerrainBonus_Infantry_Avo","TerrainBonus_Infantry_Def","TerrainBonus_Infantry_Res","0x0"
"Fighter","Axeman_ClassName","AxemanDesc","Axeman","Highlander","0x2f","0","CC_Brigand","0x23","34","16","8","7","6","2","11","5","52","40","40","40","40","40","20","4","75","50","30","25","10","15","10","0","0","0","0","0","0","0x0","0x0","0x0","0x0","0","0","W_Rank_D","0","0","0","0","0","AxemanAnim|IsPointer","BrigandMovement","BrigandMovement","BrigandMovement","TerrainBonus_Infantry_Avo","TerrainBonus_Infantry_Def","TerrainBonus_Infantry_Res","0x0"
"Warrior","Highlander_ClassName","Warrior_Desc","Highlander","Axeman","0x30","0","CC_Berserker","0x25","40","22","10","11","9","4","13","6","52","40","40","40","40","40","25","2","70","40","20","15","11","17","10","0","0","0","0","0","0","0x0","IsPromoted","0x0","0x0","0","0","W_Rank_B","W_Rank_D","0","0","0","0","HighlanderAnim|IsPointer","BerserkerMovement","BerserkerMovement","BerserkerMovement","TerrainBonus_Infantry_Avo","TerrainBonus_Infantry_Def","TerrainBonus_Infantry_Res","0x0"
"Brigand","Brigand_ClassName","Brigand_Desc","Brigand","Berserker","0x31","0","CC_Brigand","0x0","26","7","1","2","2","0","12","4","52","40","40","40","40","40","20","10","50","55","10","15","0","5","10","0","0","0","0","0","0","0x0","0x0","0x0","0x0","0","0","W_Rank_D","0","0","0","0","0","BrigandAnim|IsPointer","BrigandMovement","BrigandMovement","BrigandMovement","TerrainBonus_Infantry_Avo","TerrainBonus_Infantry_Def","TerrainBonus_Infantry_Res","0x0"
"Pirate","Pirate_ClassName","Pirate_Desc","Pirate","Berserker","0x32","0","CC_Pirate","0x24","26","7","1","3","2","2","10","4","52","40","40","40","40","40","20","8","35","55","30","20","10","20","10","0","0","0","0","0","0","0x0","0x0","0x0","0x0","0","0","W_Rank_D","0","0","0","0","0","PirateAnim|IsPointer","PirateMovement","PirateMovement","PirateMovement","TerrainBonus_Infantry_Avo","TerrainBonus_Infantry_Def","TerrainBonus_Infantry_Res","0x0"
"Pirate (F)","Pirate_ClassName","Pirate_Desc","Pirate_F","Berserker_F","0x33","0","CC_Pirate_F","0x24","25","6","2","4","2","2","8","4","52","40","40","40","40","40","20","8","25","45","40","25","15","30","10","0","0","0","0","0","0","0x0","IsFemale","0x0","0x0","0","0","W_Rank_D","0","0","0","0","0","PirateFAnim|IsPointer","PirateMovement","PirateMovement","PirateMovement","TerrainBonus_Infantry_Avo","TerrainBonus_Infantry_Def","TerrainBonus_Infantry_Res","0x0"
"Berserker","Berserker_ClassName","Berserker_Desc","Berserker","Pirate","0x34","0","CC_Berserker","0x26","32","16","6","7","6","6","13","5","52","40","40","40","40","40","25","4","50","75","5","10","5","5","10","0","0","0","0","0","0","CritBoost","IsPromoted","0x0","0x0","0","0","W_Rank_C","0","0","0","0","0","BerserkerAnim|IsPointer","BerserkerMovement","BerserkerMovement","BerserkerMovement","TerrainBonus_Infantry_Avo","TerrainBonus_Infantry_Def","TerrainBonus_Infantry_Res","0x0"
"Berserker (F)","Berserker_ClassName","Berserker_Desc","Berserker_F","Pirate_F","0x35","0","CC_Berserker_F","0x26","31","15","7","8","6","6","11","5","52","40","40","40","40","40","25","4","40","65","15","15","10","15","10","0","0","0","0","0","0","CritBoost","IsPromoted|IsFemale","0x0","0x0","0","0","W_Rank_C","0","0","0","0","0","BerserkerFAnim|IsPointer","BerserkerMovement","BerserkerMovement","BerserkerMovement","TerrainBonus_Infantry_Avo","TerrainBonus_Infantry_Def","TerrainBonus_Infantry_Res","0x0"
"(empty)","0x0","0x0","0x46","0x0","0x66","0","0x0","0x0","0","0","0","0","0","0","0","0","0","0","0","0","0","0","0","5","0","0","0","0","0","0","10","0","0","0","0","0","0","0x0","0x0","0x0","0x0","0","0","0","0","0","0","0","0","0x0","0x0","0x0","0x0","TerrainBonus_Infantry_Avo","TerrainBonus_Infantry_Def","TerrainBonus_Infantry_Res","0x0"
"Woodcutter (1)","Woodcutter_ClassName","WoodcutterDesc","Woodcutter","Axeman","0x2c","0","CC_Brigand","0x28","20","12","1","2","2","0","9","4","52","40","40","40","40","40","20","7","65","40","35","35","20","35","10","0","0","0","0","0","0","0x0","0x0","0x0","0x0","0","0","W_Rank_E","0","0","0","0","0","WoodcutterAnim|IsPointer","BrigandMovement","BrigandMovement","BrigandMovement","TerrainBonus_Infantry_Avo","TerrainBonus_Infantry_Def","TerrainBonus_Infantry_Res","0x0"
"Pegasus Knight","PegKnight_ClassName","PKnight_Desc","PegasusKnight","FalcoKnight","0x1d","0","CC_PegKnight","0x10","20","8","4","7","4","6","5","7","52","40","40","40","40","40","25","6","55","30","35","35","7","35","10","0","0","0","0","0","0","MountWithCanto","PegIcon|IsFemale","0x0","0x0","0","W_Rank_D","0","0","0","0","0","0","PegKnightAnim|IsPointer","FlierMovement","FlierMovement","FlierMovement","TerrainBonus_Flier_Avo","TerrainBonus_Flier_Def","TerrainBonus_Flier_Res","FlierType"
"Falcon Knight","Falcoknight_ClassName","Falcoknight_Desc","FalcoKnight","PegasusKnight","0x1e","0","CC_FalcoKnight","0x11","34","10","7","12","10","12","6","8","52","40","40","40","40","40","25","1","50","25","25","25","7","30","10","0","0","0","0","0","0","MountWithCanto","IsPromoted|PegIcon|IsFemale","0x0","0x0","0","W_Rank_B","0","0","0","0","0","0","FalcoKnightAnim|IsPointer","FlierMovement","FlierMovement","FlierMovement","TerrainBonus_Flier_Avo","TerrainBonus_Flier_Def","TerrainBonus_Flier_Res","FlierType"
"Cleric","Cleric_ClassName","Cleric_Desc","Cleric","Saint","0x27","0","CC_Cleric","0x16","18","7","2","4","1","10","4","4","52","40","40","40","40","40","20","10","40","25","30","27","3","50","10","0","0","0","0","0","0","0x0","0x0","0x0","0x0","0","0","0","0","0","0","W_Rank_D","0","ClericAnim|IsPointer","MageMovement","MageMovement","MageMovement","TerrainBonus_Infantry_Avo","TerrainBonus_Infantry_Def","TerrainBonus_Infantry_Res","0x0"
"Hellhound","Hellhound_ClassName","Hellhound_Desc","Hellhound","Kerberos","0x43","0","CC_Hellhound","0x0","18","7","7","10","2","6","5","6","52","40","40","40","40","40","25","6","35","35","50","55","15","5","10","0","0","0","0","0","0","0x0","0x0","UseMonsterWeapons","0x0","0","0","0","0","0","0","0","0","HellhoundAnim|IsPointer","Beast1Movement","Beast1Movement","Beast1Movement","TerrainBonus_Infantry_Avo","TerrainBonus_Infantry_Def","TerrainBonus_Infantry_Res","MonsterType"
"Kerberos","Kerberos_ClassName","Kerberos_Desc","Kerberos","Hellhound","0x44","0","CC_Kerberos","0x0","21","10","12","14","5","8","6","7","52","40","40","40","40","40","25","3","35","40","50","55","15","5","10","0","0","0","0","0","0","0x0","IsPromoted","UseMonsterWeapons","0x0","0","0","0","0","0","0","0","0","KerberosAnim|IsPointer","Beast2Movement","Beast2Movement","Beast2Movement","TerrainBonus_Infantry_Avo","TerrainBonus_Infantry_Def","TerrainBonus_Infantry_Res","MonsterType"
"Dancer","Dancer_ClassName","Dancer_Desc","Dancer","0x0","0x36","0","CC_Villager","0x2a","14","1","2","7","0","1","4","4","52","40","40","40","40","40","20","10","30","35","20","50","5","13","10","0","0","0","0","0","0","CanDance","0x0","SwordmasterUnlock","0x0","0","0","0","0","0","0","0","0","0x0","InfantryMovement","InfantryMovement","InfantryMovement","TerrainBonus_Infantry_Avo","TerrainBonus_Infantry_Def","TerrainBonus_Infantry_Res","0x0"
"Soldier","Soldier_ClassName","Soldier_Desc","Soldier","Knight","0x9","0","CC_Soldier","0x0","26","10","1","3","5","0","8","4","52","40","40","40","40","40","20","8","35","35","30","10","20","5","10","0","0","0","0","0","0","0x0","0x0","0x0","0x0","0","W_Rank_D","0","0","0","0","0","0","SoldierAnim|IsPointer","InfantryMovement","InfantryMovement","InfantryMovement","TerrainBonus_Infantry_Avo","TerrainBonus_Infantry_Def","TerrainBonus_Infantry_Res","0x0"
"Necromancer","Necromancer_ClassName","Necromancer_Desc","Necromancer","Cantor","0x37","0","CC_Cantor","0x2b","32","12","8","7","6","9","7","4","52","40","40","40","40","40","25","2","30","45","20","15","5","35","10","0","0","0","0","0","0","0x0","IsPromoted","0x0","0x8","0","0","0","0","0","W_Rank_S","W_Rank_S","W_Rank_S","JedahAnim|IsPointer","MageMovement","MageMovement","MageMovement","TerrainBonus_Infantry_Avo","TerrainBonus_Infantry_Def","TerrainBonus_Infantry_Res","0x0"
"Fleet","Fleet_ClassName","Fleet_Desc","Fleet","0x0","0x38","0","CC_Fleet","0x0","19","9","1","2","5","0","25","3","52","40","40","40","40","40","25","3","20","30","65","35","5","10","10","0","0","0","0","0","0","0x0","0x0","0x0","0x0","0","0","0","W_Rank_C","0","0","0","0","0x0","PirateMovement","PirateMovement","PirateMovement","TerrainBonus_Infantry_Avo","TerrainBonus_Infantry_Def","TerrainBonus_Infantry_Res","0x0"
"Phantom","Phantom_ClassName","Phantom_Desc","0x51","0x0","0x39","0","CC_Fiend","0x1e","1","10","2","4","0","0","11","4","1","40","40","40","0","0","20","3","0","55","35","45","15","15","10","0","0","0","0","0","0","0x0","0x0","0x0","0x0","0","0","W_Rank_C","0","0","0","0","0","0x0","FlierMovement","FlierMovement","FlierMovement","TerrainBonus_Flier_Avo","TerrainBonus_Flier_Def","TerrainBonus_Flier_Res","MonsterType"
"Revenant","Revenant_ClassName","Revenant_Desc","Revenant","Entombed","0x3a","0","CC_Revenant","0x0","24","8","1","1","1","0","6","4","52","40","40","40","40","40","20","5","70","70","20","10","5","5","0","0","0","0","0","0","0","0x0","0x0","UseMonsterWeapons","0x0","0","0","0","0","0","0","0","0","RevenantAnim|IsPointer","InfantryMovement","InfantryMovement","InfantryMovement","TerrainBonus_Infantry_Avo","TerrainBonus_Infantry_Def","TerrainBonus_Infantry_Res","MonsterType"
"Entombed","Entombed_ClassName","Entombed_Desc","Entombed","Revenant","0x3b","0","CC_Entombed","0x0","18","18","9","8","3","8","6","6","52","40","40","40","40","40","25","5","65","70","15","5","5","30","0","0","0","0","0","0","0","0x0","IsPromoted","UseMonsterWeapons","0x0","0","0","0","0","0","0","0","0","EntombedAnim|IsPointer","InfantryMovement","InfantryMovement","InfantryMovement","TerrainBonus_Infantry_Avo","TerrainBonus_Infantry_Def","TerrainBonus_Infantry_Res","MonsterType"
"Bonewalker","Bonewalker_ClassName","Bonewalker_Desc","Bonewalker","Wight","0x3c","0","CC_Bonewalker","0x0","30","10","1","2","8","3","7","4","52","40","40","40","40","40","20","7","20","40","30","20","15","5","0","0","0","0","0","0","0","0x0","0x0","SwordmasterUnlock","0x0","W_Rank_C","W_Rank_C","0","0","0","0","0","0","BonewalkerAnim|IsPointer","InfantryMovement","InfantryMovement","InfantryMovement","TerrainBonus_Infantry_Avo","TerrainBonus_Infantry_Def","TerrainBonus_Infantry_Res","MonsterType"
"Bonewalker (Bow)","Bonewalker_ClassName","Bonewalker_Desc","Bonewalker_Bow","Wight_Bow","0x3d","0","CC_Bonewalker","0x0","30","10","1","2","8","3","6","4","52","40","40","40","40","40","20","7","10","30","45","20","5","15","0","0","0","0","0","0","0","0x0","0x0","0x0","0x0","0","0","0","W_Rank_C","0","0","0","0","BonewalkerAnim|IsPointer","InfantryMovement","InfantryMovement","InfantryMovement","TerrainBonus_Infantry_Avo","TerrainBonus_Infantry_Def","TerrainBonus_Infantry_Res","MonsterType"
"Wight","Wight_ClassName","Wight_Desc","Wight","Bonewalker","0x3e","0","CC_Wight","0x0","34","18","5","3","12","4","9","5","52","40","40","40","40","40","25","4","20","40","30","20","10","5","0","0","0","0","0","0","0","0x0","IsPromoted","SwordmasterUnlock","0x0","W_Rank_A","W_Rank_A","0","0","0","0","0","0","WightAnim|IsPointer","InfantryMovement","InfantryMovement","InfantryMovement","TerrainBonus_Infantry_Avo","TerrainBonus_Infantry_Def","TerrainBonus_Infantry_Res","MonsterType"
"Wight (Bow)","Wight_ClassName","Wight_Desc","Wight_Bow","Bonewalker_Bow","0x3f","0","CC_Wight","0x0","34","18","5","3","12","4","8","5","52","40","40","40","40","40","20","4","10","30","45","20","5","10","0","0","0","0","0","0","0","0x0","IsPromoted","0x0","0x0","0","0","0","W_Rank_A","0","0","0","0","WightAnim|IsPointer","InfantryMovement","InfantryMovement","InfantryMovement","TerrainBonus_Infantry_Avo","TerrainBonus_Infantry_Def","TerrainBonus_Infantry_Res","MonsterType"
"Bael","Bael_ClassName","Bael_Desc","Bael","ElderBael","0x40","0","CC_Bael","0x0","25","6","3","3","4","1","12","4","52","40","40","40","40","40","25","6","35","35","40","45","10","5","0","0","0","0","0","0","0","0x0","0x0","UseMonsterWeapons","0x0","0","0","0","0","0","0","0","0","BaelAnim|IsPointer","BrigandMovement","BrigandMovement","BrigandMovement","TerrainBonus_Infantry_Avo","TerrainBonus_Infantry_Def","TerrainBonus_Infantry_Res","MonsterType"
"Elder Bael","ElderBael_ClassName","ElderBael_Desc","ElderBael","Bael","0x41","0","CC_ElderBael","0x0","31","14","9","6","7","4","15","5","52","40","40","40","40","40","25","3","40","45","50","60","15","10","0","0","0","0","0","0","0","0x0","IsPromoted","UseMonsterWeapons","0x0","0","0","0","0","0","0","0","0","ElderBaelAnim|IsPointer","BrigandMovement","BrigandMovement","BrigandMovement","TerrainBonus_Infantry_Avo","TerrainBonus_Infantry_Def","TerrainBonus_Infantry_Res","MonsterType"
"Cyclops","Cyclops_ClassName","Cyclops_Desc","Cyclops","Fiend","0x42","Walk_Slow","CC_Cyclops","0x0","40","22","5","3","19","10","16","4","52","40","40","40","40","40","25","3","115","80","10","5","10","5","0","0","0","0","0","0","0","0x0","IsPromoted","0x0","0x0","0","0","W_Rank_A","0","0","0","0","0","CyclopsAnim|IsPointer","BerserkerMovement","BerserkerMovement","BerserkerMovement","TerrainBonus_Infantry_Avo","TerrainBonus_Infantry_Def","TerrainBonus_Infantry_Res","MonsterType"
"Fiend","Fiend_ClassName","Fiend_Desc","Fiend","Cyclops","0x39","Walk_Slow","CC_Fiend","0x0","40","22","5","3","19","10","18","4","52","40","40","40","40","40","20","3","70","60","40","5","50","15","0","0","0","0","0","0","0","0x0","IsPromoted","0x0","0x0","W_Rank_A","W_Rank_S","W_Rank_A","0","0","0","0","0","FiendAnim|IsPointer","ArmorMovement","ArmorMovement","ArmorMovement","TerrainBonus_Infantry_Avo","TerrainBonus_Infantry_Def","TerrainBonus_Infantry_Res","(MonsterType|ArmorType)"
"White Dragon","WDragon_ClassName","WDragon_Desc","WhiteDragon","Necrodragon","0x4f","0","CC_WhiteDragon","0x0","40","24","8","12","20","17","25","8","52","40","40","40","40","40","20","1","65","50","40","40","35","25","0","0","0","0","0","0","0","0x0","IsPromoted|DragonIcon","UseMonsterWeapons","0x0","0","0","0","0","0","0","0","0","WhiteDragonAnim|IsPointer","FlierMovement","FlierMovement","FlierMovement","TerrainBonus_Flier_Avo","TerrainBonus_Flier_Def","TerrainBonus_Flier_Res","(FlierType|DragonType|MonsterType)"
"Tarvos","Tarvos_ClassName","Centaur_Desc","Tarvos","Chiron","0x45","0","CC_Tarvos","0x0","24","6","2","5","5","0","10","7","52","40","40","40","40","40","20","6","40","45","30","30","15","5","0","0","0","0","0","0","0","MountWithCanto","HorseIcon","0x0","0x0","0","0","W_Rank_C","0","0","0","0","0","TarvosAnim|IsPointer","Beast1Movement","Beast1Movement","Beast1Movement","TerrainBonus_Infantry_Avo","TerrainBonus_Infantry_Def","TerrainBonus_Infantry_Res","(HorseType|MonsterType)"
"Maelduin","Chiron_ClassName","Chiron_Desc","Chiron","Tarvos","0x46","0","CC_Chiron","0x0","30","12","6","9","8","3","12","8","52","40","40","40","40","40","25","3","40","55","40","35","20","5","0","0","0","0","0","0","0","MountWithCanto","IsPromoted|HorseIcon","0x0","0x0","0","0","W_Rank_A","0","0","0","0","0","MaelduinAnim|IsPointer","Beast2Movement","Beast2Movement","Beast2Movement","TerrainBonus_Infantry_Avo","TerrainBonus_Infantry_Def","TerrainBonus_Infantry_Res","(HorseType|MonsterType)"
"Mogall","Mogall_ClassName","Mogall_Desc","Mogall","ArchMogall","0x47","0","CC_Mogall","0x0","24","7","5","9","4","2","4","3","52","40","40","40","40","40","20","6","25","35","30","40","30","5","0","0","0","0","0","0","0","0x0","0x0","UseMonsterWeapons","0x0","0","0","0","0","0","0","0","W_Rank_C","MogallAnim|IsPointer","FlierMovement","FlierMovement","FlierMovement","TerrainBonus_Flier_Avo","TerrainBonus_Flier_Def","TerrainBonus_Flier_Res","MonsterType"
"Arch Mogall","ArchMogall_ClassName","ArchMogall_Desc","ArchMogall","Mogall","0x48","0","CC_ArchMogall","0x0","32","15","10","18","8","4","5","4","52","40","40","40","40","40","20","3","30","40","35","45","35","5","0","0","0","0","0","0","0","0x0","IsPromoted","UseMonsterWeapons","0x0","0","0","0","0","0","0","0","W_Rank_A","ArchMogallAnim|IsPointer","FlierMovement","FlierMovement","FlierMovement","TerrainBonus_Flier_Avo","TerrainBonus_Flier_Def","TerrainBonus_Flier_Res","MonsterType"
"Gorgon","Gorgon_ClassName","GorgonDesc","Gorgon","Mogall","0x49","0","CC_Gorgon","0x0","22","16","13","12","9","16","11","5","52","40","40","40","40","40","25","2","15","50","25","20","5","40","0","0","0","0","0","0","0","0x0","IsPromoted","UseMonsterWeapons","0x0","0","0","0","0","0","0","0","W_Rank_A","GorgonAnim|IsPointer","MageMovement","MageMovement","MageMovement","TerrainBonus_Infantry_Avo","TerrainBonus_Infantry_Def","TerrainBonus_Infantry_Res","MonsterType"
"Gorgon Egg","GEgg_ClassName","GorgonEgg_Desc","GorgonEgg_2","0x0","0x4b","0","CC_Gorgon","0x0","50","0","0","0","10","10","6","0","52","40","40","40","40","40","30","3","100","0","0","0","0","0","0","0","0","0","0","0","0","0x0","0x0","0x0","0x0","0","0","0","0","0","0","0","0","0x0","0x0","0x0","0x0","TerrainBonus_Infantry_Avo","TerrainBonus_Infantry_Def","TerrainBonus_Infantry_Res","MonsterType"
"Gargoyle","Gargoyle_ClassName","Gargoyle_Desc","Gargoyle","Deathgoyle","0x4c","0","CC_Gargoyle","0x0","24","8","3","9","7","7","8","7","52","40","40","40","40","40","20","6","30","25","35","35","15","5","0","0","0","0","0","0","0","MountWithCanto","0x0","0x0","0x0","0","W_Rank_C","0","0","0","0","0","0","GargoyleAnim|IsPointer","FlierMovement","FlierMovement","FlierMovement","TerrainBonus_Flier_Avo","TerrainBonus_Flier_Def","TerrainBonus_Flier_Res","(FlierType|MonsterType)"
"Deathgoyle","Deathgoyle_ClassName","Deathgoyle_Desc","Deathgoyle","Gargoyle","0x4d","0","CC_Deathgoyle","0x0","30","15","11","16","10","10","11","7","52","40","40","40","40","40","25","3","40","30","40","40","20","15","0","0","0","0","0","0","0","MountWithCanto","IsPromoted","0x0","0x0","0","W_Rank_A","0","0","0","0","0","0","DeathgoyleAnim|IsPointer","FlierMovement","FlierMovement","FlierMovement","TerrainBonus_Flier_Avo","TerrainBonus_Flier_Def","TerrainBonus_Flier_Res","(FlierType|MonsterType)"
"Dracozombie","Necrodragon_ClassName","Necrodragon_Desc","Necrodragon","WhiteDragon","0x4e","0","CC_Necrodragon","0x0","40","15","1","5","12","12","25","8","100","40","40","40","40","40","25","1","70","45","25","25","40","20","0","0","0","0","0","0","0","0x0","DragonIcon","UseMonsterWeapons","0x0","0","0","0","0","0","0","0","0","NecroDragonAnim|IsPointer","FlierMovement","FlierMovement","FlierMovement","TerrainBonus_Flier_Avo","TerrainBonus_Flier_Def","TerrainBonus_Flier_Res","(FlierType|DragonType|MonsterType)"
"Fell God","FellGod_ClassName","FellGod_Desc","FellGod","AlmHero","0x50","0","CC_Duma","0x0","120","11","1","1","0","11","20","2","120","40","40","40","40","40","25","5","120","50","50","50","50","50","0","0","0","0","0","0","0","0x0","IsPromoted|DragonIcon","UseMonsterWeapons","0x0","0","0","0","0","0","0","0","0","DumaAnim|IsPointer","DumaMovement","DumaMovement","DumaMovement","TerrainBonus_Infantry_Avo","TerrainBonus_Infantry_Def","TerrainBonus_Infantry_Res","(DragonType|MonsterType)"
"Archer on Ballista","0x0","0x0","ArcheronBallista","0x0","0x58","Walk_Slow","0x0","0x0","0","0","0","0","0","0","0","0","0","0","0","0","0","0","0","5","0","0","0","0","0","10","0","0","0","0","0","0","0","0x0","0x0","0x0","0x0","0","0","0","0","0","0","0","0","0x0","0x0","0x0","0x0","TerrainBonus_Infantry_Avo","TerrainBonus_Infantry_Def","TerrainBonus_Infantry_Res","0x0"
"Archer on Iron Ballista","0x0","0x0","ArcheronIronBallista","0x0","0x59","Walk_Slow","0x0","0x0","0","0","0","0","0","0","0","0","0","0","0","0","0","0","0","5","0","0","0","0","0","0","0","0","0","0","0","0","0","0x0","0x0","0x0","0x0","0","0","0","0","0","0","0","0","0x0","0x0","0x0","0x0","TerrainBonus_Infantry_Avo","TerrainBonus_Infantry_Def","TerrainBonus_Infantry_Res","0x0"
"Archer on Killer Ballista","0x0","0x0","ArcheronKillerBallista","0x0","0x5a","Walk_Slow","0x0","0x0","0","0","0","0","0","0","0","0","0","0","0","0","0","0","0","5","0","0","0","0","0","0","0","0","0","0","0","0","0","0x0","0x0","0x0","0x0","0","0","0","0","0","0","0","0","0x0","0x0","0x0","0x0","TerrainBonus_Infantry_Avo","TerrainBonus_Infantry_Def","TerrainBonus_Infantry_Res","0x0"
"Ballista","0x0","0x0","EmptyBallista","0x0","0x5b","Walk_Slow","0x0","0x0","0","0","0","0","0","0","0","0","0","0","0","0","0","0","0","5","0","0","0","0","0","0","0","0","0","0","0","0","0","0x0","0x0","0x0","0x0","0","0","0","0","0","0","0","0","0x0","0x0","0x0","0x0","TerrainBonus_Infantry_Avo","TerrainBonus_Infantry_Def","TerrainBonus_Infantry_Res","0x0"
"Iron Ballista","0x0","0x0","EmptyIronBallista","0x0","0x5c","Walk_Slow","0x0","0x0","0","0","0","0","0","0","0","0","0","0","0","0","0","0","0","5","0","0","0","0","0","0","0","0","0","0","0","0","0","0x0","0x0","0x0","0x0","0","0","0","0","0","0","0","0","0x0","0x0","0x0","0x0","TerrainBonus_Infantry_Avo","TerrainBonus_Infantry_Def","TerrainBonus_Infantry_Res","0x0"
"Killer Ballista","0x0","0x0","EmptyKillerBallista","0x0","0x5d","Walk_Slow","0x0","0x0","0","0","0","0","0","0","0","0","0","0","0","0","0","0","0","5","0","0","0","0","0","0","0","0","0","0","0","0","0","0x0","0x0","0x0","0x0","0","0","0","0","0","0","0","0","0x0","0x0","0x0","0x0","TerrainBonus_Infantry_Avo","TerrainBonus_Infantry_Def","TerrainBonus_Infantry_Res","0x0"
"Civilian","Civ_ClassName","Civilian_Desc","Civilian","0x0","0x57","Walk_Slow","CC_Villager","0x0","8","1","0","0","0","0","4","4","52","40","40","40","40","40","20","5","10","0","0","0","0","10","0","0","0","0","0","0","0","0x0","0x0","0x0","0x0","0","0","0","0","0","0","0","0","0x0","CivilianMovement","CivilianMovement","CivilianMovement","TerrainBonus_Infantry_Avo","TerrainBonus_Infantry_Def","TerrainBonus_Infantry_Res","0x0"
"Civilian (F)","Civ_ClassName","Civilian_Desc","Civilian_F","0x0","0x51","Walk_Slow","CC_Villager","0x0","7","0","0","0","0","1","3","4","52","40","40","40","40","40","20","5","10","0","0","0","0","10","0","0","0","0","0","0","0","0x0","0x0","0x0","0x0","0","0","0","0","0","0","0","0","0x0","CivilianMovement","CivilianMovement","CivilianMovement","TerrainBonus_Infantry_Avo","TerrainBonus_Infantry_Def","TerrainBonus_Infantry_Res","0x0"
"Civilian","Civ_ClassName","Civilian_Desc","Civilian_2","0x0","0x52","Walk_Slow","CC_Villager","0x0","10","0","1","0","0","2","6","4","52","40","40","40","40","40","20","5","10","5","0","0","0","10","0","0","0","0","0","0","0","0x0","0x0","0x0","0x0","0","0","0","0","0","0","0","0","0x0","CivilianMovement","CivilianMovement","CivilianMovement","TerrainBonus_Infantry_Avo","TerrainBonus_Infantry_Def","TerrainBonus_Infantry_Res","0x0"
"Civilian (F)","Civ_ClassName","Civilian_Desc","Civilian_F_2","0x0","0x53","Walk_Slow","CC_Villager","0x0","9","0","1","0","0","1","4","4","52","40","40","40","40","40","20","5","10","0","0","0","0","10","0","0","0","0","0","0","0","0x0","0x0","0x0","0x0","0","0","0","0","0","0","0","0","0x0","CivilianMovement","CivilianMovement","CivilianMovement","TerrainBonus_Infantry_Avo","TerrainBonus_Infantry_Def","TerrainBonus_Infantry_Res","0x0"
"Civilian","Civ_ClassName","Civilian_Desc","Civilian_3","0x0","0x52","Walk_Slow","CC_Villager","0x0","12","3","0","0","2","0","7","4","52","40","40","40","40","40","20","5","10","0","0","0","0","10","0","0","0","0","0","0","0","0x0","0x0","0x0","0x0","0","0","0","0","0","0","0","0","0x0","CivilianMovement","CivilianMovement","CivilianMovement","TerrainBonus_Infantry_Avo","TerrainBonus_Infantry_Def","TerrainBonus_Infantry_Res","0x0"
"Civilian (F)","Civ_ClassName","Civilian_Desc","Civilian_F_3","0x0","0x53","Walk_Slow","CC_Villager","0x0","10","0","1","0","1","1","5","4","52","40","40","40","40","40","20","5","10","0","0","0","0","10","0","0","0","0","0","0","0","0x0","0x0","0x0","0x0","0","0","0","0","0","0","0","0","0x0","CivilianMovement","CivilianMovement","CivilianMovement","TerrainBonus_Infantry_Avo","TerrainBonus_Infantry_Def","TerrainBonus_Infantry_Res","0x0"
"Peer","Noble_ClassName","Noble_Desc","Peer","0x0","0x54","Walk_Slow","0x1","0x0","10","0","0","0","0","0","8","4","52","40","40","40","40","40","20","5","10","0","0","0","0","10","0","0","0","0","0","0","0","0x0","0x0","0x0","0x0","0","0","0","0","0","0","0","0","0x0","CivilianMovement","CivilianMovement","CivilianMovement","TerrainBonus_Infantry_Avo","TerrainBonus_Infantry_Def","TerrainBonus_Infantry_Res","0x0"
"Queen","Noble_ClassName","Noble_Desc","Queen","0x0","0x55","Walk_Slow","0x1","0x0","10","0","0","0","0","0","5","4","52","40","40","40","40","40","20","5","10","0","0","0","0","10","0","0","0","0","0","0","0","0x0","0x0","0x0","0x0","0","0","0","0","0","0","0","0","0x0","CivilianMovement","CivilianMovement","CivilianMovement","TerrainBonus_Infantry_Avo","TerrainBonus_Infantry_Def","TerrainBonus_Infantry_Res","0x0"
"Prince","Noble_ClassName","Noble_Desc","Prince","0x0","0x56","Walk_Slow","0x1","0x0","10","0","0","0","0","0","7","4","52","40","40","40","40","40","20","5","10","0","0","0","0","10","0","0","0","0","0","0","0","0x0","0x0","0x0","0x0","0","0","0","0","0","0","0","0","0x0","CivilianMovement","CivilianMovement","CivilianMovement","TerrainBonus_Infantry_Avo","TerrainBonus_Infantry_Def","TerrainBonus_Infantry_Res","0x0"
"Queen","Noble_ClassName","Noble_Desc","Queen_2","0x0","0x5e","Walk_Slow","0x1","0x0","10","0","0","0","0","0","6","4","52","40","40","40","40","40","20","5","10","0","0","0","0","10","0","0","0","0","0","0","0","0x0","0x0","0x0","0x0","0","0","0","0","0","0","0","0","0x0","CivilianMovement","CivilianMovement","CivilianMovement","TerrainBonus_Infantry_Avo","TerrainBonus_Infantry_Def","TerrainBonus_Infantry_Res","0x0"
"(empty)","0x0","0x0","0x77","0x0","0x66","0","0x0","0x0","0","0","0","0","0","0","0","0","0","0","0","0","0","0","0","5","0","0","0","0","0","0","0","0","0","0","0","0","0","0x0","0x0","0x0","0x0","0","0","0","0","0","0","0","0","0x0","CivilianMovement","CivilianMovement","CivilianMovement","TerrainBonus_Infantry_Avo","TerrainBonus_Infantry_Def","TerrainBonus_Infantry_Res","0x0"
"Fallen Prince","0x0","0x0","FallenPrince","0x0","0x5f","Walk_Slow","0x1","0x0","10","0","0","0","0","0","25","4","52","40","40","40","40","40","20","5","10","0","0","0","0","10","0","0","0","0","0","0","0","0x0","0x0","0x0","0x0","0","0","0","0","0","0","0","0","0x0","CivilianMovement","CivilianMovement","CivilianMovement","TerrainBonus_Infantry_Avo","TerrainBonus_Infantry_Def","TerrainBonus_Infantry_Res","0x0"
"Tent","0x0","0x0","Tent","0x0","0x60","Walk_Slow","0x1","0x0","15","0","3","3","3","0","25","0","52","40","40","40","40","40","25","5","10","0","0","0","0","10","0","0","0","0","0","0","0","0x0","IsSupply","CannotControl","0x0","0","0","0","0","0","0","0","0","0x0","CivilianMovement","CivilianMovement","CivilianMovement","TerrainBonus_Infantry_Avo","TerrainBonus_Infantry_Def","TerrainBonus_Infantry_Res","0x0"
"Pontifex","0x0","0x0","Pontifex","0x0","0x61","Walk_Slow","0x1","0x0","10","0","0","0","0","0","8","4","52","40","40","40","40","40","20","5","10","0","0","0","0","10","0","0","0","0","0","0","0","0x0","0x0","0x0","0x0","0","0","0","0","0","0","0","0","0x0","CivilianMovement","CivilianMovement","CivilianMovement","TerrainBonus_Infantry_Avo","TerrainBonus_Infantry_Def","TerrainBonus_Infantry_Res","0x0"
"Dead Peer","0x0","0x0","FallenPeer","0x0","0x62","Walk_Slow","0x1","0x0","10","0","0","0","0","0","25","4","52","40","40","40","40","40","20","5","10","0","0","0","0","10","0","0","0","0","0","0","0","0x0","0x0","0x0","0x0","0","0","0","0","0","0","0","0","0x0","CivilianMovement","CivilianMovement","CivilianMovement","TerrainBonus_Infantry_Avo","TerrainBonus_Infantry_Def","TerrainBonus_Infantry_Res","0x0"
"Cyclops","Cyclops_ClassName","Cyclops_Desc","Cyclops_2","Fiend","0x4b","Walk_Slow","CC_Cyclops","0x0","40","8","5","6","13","0","16","4","52","40","40","40","40","40","25","1","95","30","35","25","24","25","10","0","0","0","0","0","0","0x0","IsPromoted","0x0","0x0","0","0","W_Rank_S","0","0","0","0","0","CyclopsAnim|IsPointer","BerserkerMovement","BerserkerMovement","BerserkerMovement","TerrainBonus_Infantry_Avo","TerrainBonus_Infantry_Def","TerrainBonus_Infantry_Res","MonsterType"
"Elder Bael","ElderBael_ClassName","ElderBael_Desc","ElderBael_2","Bael","0x4a","0","CC_ElderBael","0x0","36","8","5","5","9","4","15","5","52","40","40","40","40","40","25","1","85","45","25","20","21","17","10","0","0","0","0","0","0","0x0","IsPromoted","UseMonsterWeapons","0x0","0","0","0","0","0","0","0","0","ElderBaelAnim|IsPointer","BrigandMovement","BrigandMovement","BrigandMovement","TerrainBonus_Infantry_Avo","TerrainBonus_Infantry_Def","TerrainBonus_Infantry_Res","MonsterType"
"(empty)","0x0","0x0","0x7e","0x38","0x66","0","0x0","0x0","0","0","0","0","0","0","0","0","0","0","0","0","0","0","0","5","0","0","0","0","0","0","0","0","0","0","0","0","0","0x0","0x0","0x0","0x0","0","0","0","0","0","0","0","0","0x0","0x0","0x0","0x0","TerrainBonus_Infantry_Avo","TerrainBonus_Infantry_Def","TerrainBonus_Infantry_Res","0x0"
"(empty)","0x0","0x0","0x7f","0x39","0x66","0","0x0","0x0","0","0","0","0","0","0","0","0","0","0","0","0","0","0","0","5","0","0","0","0","0","0","0","0","0","0","0","0","0","0x0","0x0","0x0","0x0","0","0","0","0","0","0","0","0","0x0","0x0","0x0","0x0","TerrainBonus_Infantry_Avo","TerrainBonus_Infantry_Def","TerrainBonus_Infantry_Res","0x0"
