"0x809b10","Item Name","Item Description","Use Item Description","Item Number","Weapon Type","Weapon Ability Bitfield","Stat Bonuses Pointer","Effectiveness Pointer","Durability","Power","Hit%","Weight","Critical%","Minimum - Maximum Range","Cost Per Use (0 = Unsellable)","Weapon Rank","Item Icon #","Staff/Use Effect","Weapon Effect","Weapon Experience","***UNKNOWN*** (Zero)","***UNKNOWN*** (Zero)","***UNKNOWN*** (Zero)"
"Nothing","0x0","0x0","0x0","0x0","0x0","0x0","0x0","0x0","0","0","0","0","0","0x0","0","0","0x0","0x0","0","0","0","0","0"
"0x01 Sword","BaseSword_Name","BaseSword_Desc","0x0","0x1","0x0","Item_Flag_BasicWeapon","0x0","0x0","46","0","90","0","0","0x11","0","W_Rank_E","0x0","0x0","0","1","0","0","0"
"0x02 Iron Sword","IronSword_Name","IronSword_Desc","0x0","0x2","0x0","Item_Flag_Weapon","0x0","0x0","60","2","90","0","0","0x11","10","W_Rank_E","0x1","0x0","0","1","0","0","0"
"0x03 Steel Sword","SteelSword_Name","SteelSword_Desc","0x0","0x3","0x0","Item_Flag_Weapon","0x0","0x0","50","4","80","1","0","0x11","28","W_Rank_D","0x2","0x0","0","2","0","0","0"
"0x04 Silver Sword","SilverSword_Name","SilverSword_Desc","0x0","0x4","0x0","Item_Flag_Weapon","0x0","0x0","40","8","90","2","0","0x11","45","W_Rank_A","0x3","0x0","0","1","0","0","0"
"0x05 Brave Sword","BraveSword_Name","BraveSword_Desc","0x0","0x5","0x0","Item_Flag_Weapon","0x0","0x0","30","5","90","0","30","0x11","70","W_Rank_B","0x4","0x0","0","2","0","0","0"
"0x06 Shadowblade","Shadowblade_Name","Shadowblade_Desc","0x0","0x6","0x0","Item_Flag_Weapon","0x0","0x0","25","13","65","5","0","0x11","56","W_Rank_A","0x5","0x0","W_Effect_Devil","2","0","0","0"
"0x07 Thunderblade","Thunderblade_Name","Thunderblade_Desc","0x0","0x7","0x0","Item_Flag_Weapon|Item_Flag_Unbreakable|Item_Flag_MagicSwd","0x0","0x0","15","15","80","3","0","0x12","2000","W_Rank_D","0x6","0x0","0","0","0","0","0"
"0x08 Poison Sword","PoisonSword_Name","PoisonSword_Desc","0x0","0x8","0x0","Item_Flag_Weapon","0x0","0x0","40","1","80","1","0","0x11","50","W_Rank_D","0x7","0x0","W_Effect_Poison","1","0","0","0"
"0x09 Rapier","Rapier_Name","Rapier_Desc","0x0","0x9","0x0","Item_Flag_Weapon","0x0","0x0","40","3","90","1","5","0x11","50","W_Rank_C","0x8","0x0","0","2","0","0","0"
"0x0A Deen's Sword","DeensSword_Name","DeensSword_Desc","0x0","0xa","0x0","Item_Flag_Weapon|Item_Flag_BraveWeap|Item_Flag_DeenLock","0x0","0x0","45","1","90","0","0","0x11","0","0","0x9","0x0","0","1","0","0","0"
"0x0B Holy Sword","HolySword_Name","HolySword_Desc","0x0","0xb","0x0","Item_Flag_HolyWeapon","0x0","0x0","30","3","100","0","10","0x11","2000","W_Rank_C","0xa","0x0","0","1","0","0","0"
"0x0C Royal Sword","RoyalSword_Name","RoyalSword_Desc","0x0","0xc","0x0","Item_Flag_UnsellableWeapon|Item_Flag_AlmLock|Item_Flag_PassiveHeal","0x0","0x0","20","6","90","1","10","0x11","0","0","0xb2","0x0","0","2","0","0","0"
"0x0D Astra","Astra_Name","AstraSword_Desc","0x0","0xd","0x0","Item_Flag_Weapon|Item_Flag_Unbreakable","0x0","0x0","20","10","100","2","50","0x11","10000","W_Rank_S","0xc","0x0","0","1","0","0","0"
"0x0E Armorslayer","Armorslayer_Name","Armorslayer_Desc","0x0","0xe","0x0","Item_Flag_Weapon","0x0","0x0","30","4","70","2","0","0x11","35","W_Rank_D","0xd","0x0","0","1","0","0","0"
"0x0F Zweihander","Zweihander_Name","Zweihander_Desc","0x0","0xf","0x0","Item_Flag_Weapon","0x0","0x0","30","8","70","5","10","0x11","45","W_Rank_C","0xe","0x0","0","1","0","0","0"
"0x10 Ladyblade","Ladyblade_Name","Ladyblade_Desc","0x0","0x10","0x0","Item_Flag_Weapon|Item_Flag_Unbreakable","0x0","0x0","25","6","85","1","5","0x11","3000","W_Rank_C","0xf","0x0","0","1","0","0","0"
"0x11 Ilwoon","Ilwoon_Name","Ilwoon_Desc","0x0","0x11","0x0","Item_Flag_Weapon","0x0","0x0","30","10","70","6","15","0x11","65","W_Rank_B","0x10","0x0","0","1","0","0","0"
"0x12 Lancereaver","Lancereaver_Name","Lancereaver_Desc","0x0","0x12","0x0","Item_Flag_Weapon|Item_Flag_ReverseWTA","0x0","0x0","25","3","85","2","5","0x11","48","W_Rank_C","0x11","0x0","0","2","0","0","0"
"0x13 Zanbato","Zanbato_Name","Zanbato_Desc","0x0","0x13","0x0","Item_Flag_Weapon","0x0","0x0","30","3","75","4","0","0x11","35","W_Rank_D","0x12","0x0","0","1","0","0","0"
"0x14 Lance","Lance_Name","BaseLance_Desc","0x0","0x14","0x1","Item_Flag_BasicWeapon","0x0","0x0","45","0","90","0","0","0x11","0","W_Rank_E","0x13","0x0","0","1","0","0","0"
"0x15 Iron Lance","IronLance_Name","IronLance_Desc","0x0","0x15","0x1","Item_Flag_Weapon","0x0","0x0","60","2","90","0","0","0x11","10","W_Rank_E","0x14","0x0","0","1","0","0","0"
"0x16 Steel Lance","SteelLance_Name","SteelLance_Desc","0x0","0x16","0x1","Item_Flag_Weapon","0x0","0x0","50","4","80","1","0","0x11","28","W_Rank_D","0x15","0x0","0","2","0","0","0"
"0x17 Silver Lance","SilverLance_Name","SilverLance_Desc","0x0","0x17","0x1","Item_Flag_Weapon","0x0","0x0","40","8","90","2","0","0x11","45","W_Rank_A","0x16","0x0","0","1","0","0","0"
"0x18 Toxin Lance","PoisonLance_Name","PoisonLance_Desc","0x0","0x18","0x1","Item_Flag_Weapon","0x0","0x0","40","1","80","1","0","0x11","50","W_Rank_E","0x17","0x0","W_Effect_Poison","1","0","0","0"
"0x19 Killer Lance","KillerLance_Name","KillerLance_Desc","0x0","0x19","0x1","Item_Flag_Weapon","0x0","0x0","30","5","80","3","20","0x11","70","W_Rank_C","0x18","0x0","0","1","0","0","0"
"0x1A Holy Lance","HolyLance_Name","HolyLance_Desc","0x0","0x1a","0x1","Item_Flag_HolyWeapon","0x0","0x0","20","3","90","0","10","0x11","2000","W_Rank_C","0x19","0x0","0","1","0","0","0"
"0x1B Horseslayer","Ridersbane_Name","Ridersbane_Desc","0x0","0x1b","0x1","Item_Flag_Weapon","0x0","0x0","30","4","80","2","0","0x11","35","W_Rank_D","0x1a","0x0","0","1","0","0","0"
"0x1C Javelin","Javelin_Name","Javelin_Desc","0x0","0x1c","0x1","Item_Flag_Weapon","0x0","0x0","40","3","70","2","0","0x12","25","W_Rank_E","0x1b","0x0","0","1","0","0","0"
"0x1D Kriemhild","Kriemhild_Name","Kriemhild_Desc","0x0","0x1d","0x1","Item_Flag_UnsellableWeapon","0x0","0x0","15","10","85","2","0","0x13","0","W_Rank_S","0x1c","0x0","0","1","0","0","0"
"0x1E Axereaver","Axereaver_Name","Axereaver_Desc","0x0","0x1e","0x1","Item_Flag_Weapon|Item_Flag_ReverseWTA","0x0","0x0","25","3","85","2","5","0x11","48","W_Rank_C","0x1d","0x0","0","2","0","0","0"
"0x1F Axe","Axe_Name","BaseAxe_Desc","0x0","0x1f","0x2","Item_Flag_BasicWeapon","0x0","0x0","45","0","90","0","0","0x11","0","W_Rank_E","0x1e","0x0","0","1","0","0","0"
"0x20 Iron Axe","IronAxe_Name","IronAxe_Desc","0x0","0x20","0x2","Item_Flag_Weapon","0x0","0x0","60","2","90","1","0","0x11","10","W_Rank_E","0x1f","0x0","0","1","0","0","0"
"0x21 Steel Axe","SteelAxe_Name","SteelAxe_Desc","0x0","0x21","0x2","Item_Flag_Weapon","0x0","0x0","50","4","80","2","0","0x11","28","W_Rank_D","0x20","0x0","0","2","0","0","0"
"0x22 Silver Axe","SilverAxe_Name","SilverAxe_Desc","0x0","0x22","0x2","Item_Flag_Weapon","0x0","0x0","40","8","90","3","0","0x11","45","W_Rank_A","0x21","0x0","0","1","0","0","0"
"0x23 Poison Axe","PoisonAxe_Name","PoisonAxe_Desc","0x0","0x23","0x2","Item_Flag_Weapon","0x0","0x0","40","1","80","1","0","0x11","500","W_Rank_E","0x22","0x0","W_Effect_Poison","1","0","0","0"
"0x24 Killer Axe","KillerAxe_Name","KillerAxe_Desc","0x0","0x24","0x2","Item_Flag_Weapon","0x0","0x0","30","5","70","4","20","0x11","70","W_Rank_C","0x23","0x0","0","1","0","0","0"
"0x25 Halberd","Halberd_Name","Halberd_Desc","0x0","0x25","0x2","Item_Flag_Weapon","0x0","0x0","30","4","80","3","0","0x11","35","W_Rank_D","0x24","0x0","0","1","0","0","0"
"0x26 Hammer","Hammer_Name","Hammer_Desc","0x0","0x26","0x2","Item_Flag_Weapon","0x0","0x0","30","8","65","5","0","0x11","35","W_Rank_D","0x25","0x0","0","2","0","0","0"
"0x27 Devil Axe","DevilAxe_Name","DevilAxe_Desc","0x0","0x27","0x2","Item_Flag_Weapon","0x0","0x0","25","15","70","5","5","0x11","56","W_Rank_E","0x26","0x0","W_Effect_Devil","2","0","0","0"
"0x28 Hand Axe","HandAxe_Name","HandAxe_Desc","0x0","0x28","0x2","Item_Flag_Weapon","0x0","0x0","40","3","70","2","0","0x12","25","W_Rank_D","0x27","0x0","0","1","0","0","0"
"0x29 Pugi","Pugi_Name","Pugi_Desc","0x0","0x29","0x2","Item_Flag_Weapon","0x0","0x0","15","7","80","1","30","0x12","3000","W_Rank_A","0x28","0x0","0","1","0","0","0"
"0x2A Swordreaver","Swordreaver_Name","Swordreaver_Desc","0x0","0x2a","0x2","Item_Flag_Weapon|Item_Flag_ReverseWTA","0x0","0x0","25","3","75","2","5","0x11","48","W_Rank_C","0x29","0x0","0","2","0","0","0"
"0x2B Forscythe","Forscythe_Name","Forscythe_Desc","0x0","0x2b","0x1","Item_Flag_Weapon|Item_Flag_ForsythLock","StatBonus_CoralRing|IsPointer","0x0","35","4","85","2","10","0x11","0","0","0x2a","0x0","0","1","0","0","0"
"0x2C Hatchet","Hatchet_Name","Hatchet_Desc","0x0","0x2c","0x2","Item_Flag_Weapon","0x0","0x0","50","1","80","1","0","0x12","20","W_Rank_E","0xb9","0x0","0","1","0","0","0"
"0x2D Bow","Bow_Name","BaseBow_Desc","0x0","0x2d","0x3","Item_Flag_BasicWeapon","0x0","0x0","45","0","75","0","0","0x12","0","W_Rank_E","0x2b","0x0","0","1","0","0","0"
"0x2E Iron Bow","IronBow_Name","IronBow_Desc","0x0","0x2e","0x3","Item_Flag_Weapon","0x0","0x0","60","2","80","2","0","0x13","10","W_Rank_E","0x2c","0x0","0","1","0","0","0"
"0x2F Steel Bow","SteelBow_Name","SteelBow_Desc","0x0","0x2f","0x3","Item_Flag_Weapon","0x0","0x0","50","3","70","3","0","0x13","28","W_Rank_D","0x2d","0x0","0","2","0","0","0"
"0x30 Silver Bow","SilverBow_Name","SilverBow_Desc","0x0","0x30","0x3","Item_Flag_Weapon","0x0","0x0","40","5","75","4","0","0x13","45","W_Rank_A","0x2e","0x0","0","1","0","0","0"
"0x31 Killer Bow","KillerBow_Name","KillerBow_Desc","0x0","0x31","0x3","Item_Flag_Weapon","0x0","0x0","30","4","85","4","20","0x13","70","W_Rank_C","0x2f","0x0","0","1","0","0","0"
"0x32 Poison Bow","PoisonBow_Name","PoisonBow_Desc","0x0","0x32","0x3","Item_Flag_Weapon","0x0","0x0","40","1","65","1","0","0x13","500","W_Rank_E","0x30","0x0","W_Effect_Poison","1","0","0","0"
"0x33 Holy Bow","HolyBow_Name","HolyBow_Desc","0x0","0x33","0x3","Item_Flag_HolyWeapon","0x0","0x0","22","3","85","2","10","0x13","2000","W_Rank_C","0x31","0x0","0","2","0","0","0"
"0x34 Longbow","Longbow_Name","LongBow_Desc","0x0","0x34","0x3","Item_Flag_Weapon","0x0","0x0","40","2","75","4","0","0x24","25","W_Rank_D","0x32","0x0","0","1","0","0","0"
"0x35 Ballista","Ballista_Name","Ballista_Desc","0x0","0x35","0x3","0x91","0x0","0x0","5","4","65","10","0","0x3a","0","W_Rank_E","0x33","0x0","0","2","0","0","0"
"0x36 Radiant Bow","RadiantBow_Name","RadiantBow_Desc","0x0","0x36","0x3","Item_Flag_Weapon","0x0","0x0","25","3","75","3","0","0x13","75","W_Rank_C","0x34","0x0","0","1","0","0","0"
"0x37 Mila's Bow","MilasBow_Name","MilasBow_Desc","0x0","0x37","0x3","Item_Flag_UnsellableWeapon","0x0","0x0","40","3","80","3","0","0x13","2500","W_Rank_C","0x35","0x0","0","1","0","0","0"
"0x38 Fire","Fire_Name","FireMagic_Desc","0x0","0x38","0x5","Item_Flag_BlackMagic","0x0","0x0","40","3","85","3","0","0x12","0","W_Rank_E","0x36","0x0","0","1","0","0","0"
"0x39 Thunder","Thunder_Name","ThunderMagic_Desc","0x0","0x39","0x5","Item_Flag_BlackMagic","0x0","0x0","35","4","75","5","5","0x13","0","W_Rank_E","0x37","0x0","0","1","0","0","0"
"0x3A Sagittae","Sagittae_Name","SagittaeMagic_Desc","0x0","0x3a","0x5","Item_Flag_BlackMagic|Item_Flag_ReverseWTA","0x0","0x0","30","16","70","11","0","0x13","0","W_Rank_E","0x38","0x0","0","2","0","0","0"
"0x3B Bolting","Bolting_Name","BoltingMagic_Desc","0x0","0x3b","0x5","Item_Flag_RangeMagic","0x0","0x0","5","10","60","16","0","0x3a","0","W_Rank_E","0x39","0x0","0","1","0","0","0"
"0x3C Ragnarok","Ragnarok_Name","RagnarokMagic_Desc","0x0","0x3c","0x5","Item_Flag_BlackMagic","0x0","0x0","20","20","95","14","0","0x12","0","W_Rank_E","0x3a","0x0","0","2","0","0","0"
"0x3D Forblaze (DUMMY)","DummyItem_Name","Dummy_Desc","0x0","0x3d","0x9","0x0","0x0","0x0","20","14","85","11","5","0x11","0","W_Rank_E","0x3b","0x0","0","1","0","0","0"
"0x3E Excalibur","Excalibur_Name","ExcaliburMagic_Desc","0x0","0x3e","0x5","Item_Flag_BlackMagic","0x0","0x0","30","5","95","1","20","0x12","0","W_Rank_E","0x3c","0x0","0","1","0","0","0"
"0x3F Nosferatu","Nosferatu_Name","NosferatuMagic_Desc","0x0","0x3f","0x6","Item_Flag_BlackMagic","0x0","0x0","35","0","60","2","0","0x12","0","W_Rank_E","0x3d","0x0","W_Effect_Drain","1","0","0","0"
"0x40 Shine","Shine_Name","ShineMagic_Desc","0x0","0x40","0x6","Item_Flag_BlackMagic","0x0","0x0","30","2","80","3","0","0x12","0","W_Rank_E","0x3e","0x0","0","1","0","0","0"
"0x41 Seraphim","Seraphim_Name","SeraphimMagic_Desc","0x0","0x41","0x6","Item_Flag_BlackMagic","0x0","0x0","25","7","95","4","0","0x12","0","W_Rank_E","0x3f","0x0","0","2","0","0","0"
"0x42 Purge","Purge_Name","PurgeMagic_Desc","0x0","0x42","0x6","Item_Flag_RangeMagic","0x0","0x0","5","10","75","16","5","0x3a","0","W_Rank_E","0x40","0x0","0","1","0","0","0"
"0x43 Aura","Aura_Name","AuraMagic_Desc","0x0","0x43","0x6","Item_Flag_BlackMagic","0x0","0x0","20","12","80","8","0","0x12","0","W_Rank_E","0x41","0x0","0","1","0","0","0"
"0x44 Luce (DUMMY)","DummyItem_Name","Dummy_Desc","0x0","0x44","0x6","Item_Flag_BlackMagic","0x0","0x0","20","6","85","10","0","0x12","0","W_Rank_E","0x42","0x0","0","3","0","0","0"
"0x45 Miasma","Miasma_Name","MiasmaMagic_Desc","0x0","0x45","0x7","Item_Flag_BlackMagic","0x0","0x0","45","3","80","3","0","0x12","0","W_Rank_E","0x43","0x0","0","1","0","0","0"
"0x46 Selene","Selene_Name","SeleneMagic_Desc","0x0","0x46","0x7","Item_Flag_BlackMagic|Item_Flag_LunaEffect","0x0","0x0","30","0","50","5","10","0x12","0","W_Rank_E","0x44","0x0","0","1","0","0","0"
"0x47 Sisyphus","Sisyphus_Name","SisyphusMagic_Desc","0x0","0x47","0x7","Item_Flag_BlackMagic","0x0","0x0","20","2","60","4","0","0x12","0","W_Rank_E","0x45","0x0","W_Effect_Drain","1","0","0","0"
"0x48 Mire","Mire_Name","MireMagic_Desc","0x0","0x48","0x7","Item_Flag_BlackMagic","0x0","0x0","5","10","70","6","0","0x13","0","W_Rank_E","0x46","0x0","0","1","0","0","0"
"0x49 Medusa","Medusa_Name","MedusaMagic_Desc","0x0","0x49","0x7","Item_Flag_BlackMagic","0x0","0x0","20","255","70","11","0","0x15","0","W_Rank_E","0x47","0x0","W_Effect_Eclipse","2","0","0","0"
"0x4A Thanatos","Thanatos_Name","ThanatosMagic_Desc","0x0","0x4a","0x7","Item_Flag_BlackMagic","0x0","0x0","30","14","70","9","0","0x13","0","W_Rank_E","0x48","0x0","0","1","0","0","0"
"0x4B Heal","HealStaff_Name","Heal_Desc","Heal_UseScreen","0x4b","0x6","Item_Flag_WhiteMagic","0x0","0x0","30","8","100","2","9","0x11","0","W_Rank_E","0x49","0x1","0","2","0","0","0"
"0x4C Expel","ExpelStaff_Name","Expel_Desc","Expel_UseScreen","0x4c","0x6","Item_Flag_WhiteMagic","0x0","0x0","20","18","65","4","20","0x10","0","W_Rank_E","0x4a","0x2","0","3","0","0","0"
"0x4D Recover","RecoverStaff_Name","Recover_Desc","Recover_UseScreen","0x4d","0x6","Item_Flag_WhiteMagic","0x0","0x0","15","80","100","6","9","0x11","0","W_Rank_E","0x4b","0x3","0","3","0","0","0"
"0x4E Physic","PhysicStaff_Name","Physic_Desc","Physic_UseScreen","0x4e","0x6","Item_Flag_WhiteMagic","0x0","0x0","15","6","100","5","9","0x10","0","W_Rank_E","0x4c","0x4","0","3","0","0","0"
"0x4F Fortify","FortifyStaff_Name","Fortify_Desc","Fortify_UseScreen","0x4f","0x6","Item_Flag_WhiteMagic","0x0","0x0","8","6","100","7","14","0x10","0","W_Rank_E","0x4d","0x5","0","5","0","0","0"
"0x50 Restore","RestoreStaff_Name","Restore_Desc","Restore_UseScreen","0x50","0x6","Item_Flag_WhiteMagic","0x0","0x0","10","0","100","4","14","0x11","0","W_Rank_E","0x4e","0x6","0","3","0","0","0"
"0x51 Silence","SilenceStaff_Name","Silence_Desc","Silence_UseScreen","0x51","0x6","Item_Flag_WhiteMagic","0x0","0x0","3","0","70","7","14","0x10","0","W_Rank_E","0x4f","0x7","0","4","0","0","0"
"0x52 Freeze","FreezeStaff_Name","Freeze_Desc","Freeze_UseScreen","0x52","0x6","Item_Flag_WhiteMagic","0x0","0x0","3","0","70","8","14","0x10","0","W_Rank_E","0x50","0x8","0","4","0","0","0"
"0x53 Entrap","EntrapStaff_Name","Entrap_Desc","Entrap_UseScreen","0x53","0x6","Item_Flag_WhiteMagic","0x0","0x0","3","0","70","8","14","0x10","0","W_Rank_E","0x51","0x9","0","4","0","0","0"
"0x54 Warp","WarpStaff_Name","Warp_Desc","Warp_UseScreen","0x54","0x6","Item_Flag_WhiteMagic","0x0","0x0","5","0","100","5","0","0x11","0","W_Rank_E","0x52","0xa","0","5","0","0","0"
"0x55 Rescue","RescueStaff_Name","Rescue_Desc","Rescue_UseScreen","0x55","0x6","Item_Flag_WhiteMagic","0x0","0x0","3","0","100","6","0","0x10","0","W_Rank_E","0x53","0xb","0","5","0","0","0"
"0x56 Torch","TorchStaff_Name","TorchStaff_Desc","Torch_UseScreen","0x56","0x6","Item_Flag_WhiteMagic","0x0","0x0","10","0","100","5","9","0x10","0","W_Rank_E","0x54","0xc","0","2","0","0","0"
"0x57 Invoke","InvokeStaff_Name","Invoke_Desc","Invoke_UseScreen","0x57","0x6","Item_Flag_WhiteMagic","0x0","0x0","3","0","100","7","0","0x11","0","W_Rank_E","0x55","0xd","0","4","0","0","0"
"0x58 Unlock","UnlockStaff_Name","Unlock_Desc","Unlock_UseScreen","0x58","0x6","Item_Flag_WhiteMagic","0x0","0x0","10","0","100","7","9","0x12","0","W_Rank_E","0x56","0xe","0","3","0","0","0"
"0x59 Rewarp","RewarpStaff_Name","Rewarp_Desc","Rewarp_UseScreen","0x59","0x6","Item_Flag_WhiteMagic","0x0","0x0","15","0","100","4","0","0x10","0","W_Rank_E","0x57","0xf","0","5","0","0","0"
"0x5A Anew (INTENDED PLACE)","AnewStaff_Name","Anew_Desc","Anew_UseScreen","0x5a","0x6","Item_Flag_WhiteMagic","0x0","0x0","3","0","100","5","24","0x11","0","W_Rank_A","0xc3","0x0","0","1","0","0","0"
"0x5B Angelic Robe","Lifefruit_Name","Lifefruit_Desc","Lifefruit_UseScreen","0x5b","0x9","0x0","StatBonus_HPBoost|IsPointer","0x0","1","0","0","0","0","0x11","4000","0","0x59","0x10","0","0","0","0","0"
"0x5C Energy Ring","Soma_Name","Soma_Desc","Soma_UseScreen","0x5c","0x9","0x0","StatBonus_AtkBoost|IsPointer","0x0","1","0","0","0","0","0x11","4000","0","0x5a","0x11","0","0","0","0","0"
"0x5D Secret Book","Persephone_Name","Persephone_Desc","Persephone_UseScreen","0x5d","0x9","0x0","StatBonus_SklBoost|IsPointer","0x0","1","0","0","0","0","0x11","4000","0","0x5b","0x12","0","0","0","0","0"
"0x5E Speedwings","Pegacheese_Name","Pegacheese_Desc","Pegacheese_UseScreen","0x5e","0x9","0x0","StatBonus_SpdBoost|IsPointer","0x0","1","0","0","0","0","0x11","4000","0","0x5c","0x13","0","0","0","0","0"
"0x5F Goddess Icon","Nectar_Name","Nectar_Desc","Nectar_UseScreen","0x5f","0x9","0x0","StatBonus_LuckBoost|IsPointer","0x0","1","0","0","0","0","0x11","4000","0","0x5d","0x14","0","0","0","0","0"
"0x60 Ambrosia","Ambrosia_Name","Ambrosia_Desc","Ambrosia_UseScreen","0x60","0x9","0x0","StatBonus_DefBoost|IsPointer","0x0","1","0","0","0","0","0x11","4000","0","0x5e","0x15","0","0","0","0","0"
"0x61 Talisman","Talisman_Name","Talisman_Desc","Talisman_UseScreen","0x61","0x9","0x0","StatBonus_ResBoost|IsPointer","0x0","1","0","0","0","0","0x11","4000","0","0x5f","0x16","0","0","0","0","0"
"0x62 Swiftsoles","Boots_Name","Boots_Desc","Boots_UseScreen","0x62","0x9","0x0","StatBonus_MovBoost|IsPointer","0x0","1","0","0","0","0","0x11","4000","0","0x60","0x17","0","0","0","0","0"
"0x63 Holy Ring","HolyRing_Name","HolyRing_Desc","0x1","0x63","0x9","Item_Flag_Unbreakable|Item_Flag_PassiveHeal","0x0","0x0","1","0","0","0","0","0x11","100","0","0x61","0x0","0","0","0","0","0"
"0x64 Hide Shield","LeatherShield_Name","HideShield_Desc","0x1","0x64","0x9","Item_Flag_Unbreakable|Item_Flag_PassiveBoost","StatBonus_HideShield|IsPointer","0x0","1","0","0","0","0","0x11","200","0","0x62","0x0","0","0","0","0","0"
"0x65 Iron Shield","IronShield_Name","IronShield_Desc","0x1","0x65","0x9","Item_Flag_Unbreakable|Item_Flag_PassiveBoost","StatBonus_IronShield|IsPointer","0x0","1","0","0","1","0","0x11","400","0","0x63","0x0","0","0","0","0","0"
"0x66 Steelshield","SteelShield_Name","SteelShield_Desc","0x1","0x66","0x9","Item_Flag_Unbreakable|Item_Flag_PassiveBoost","StatBonus_SteelShield|IsPointer","0x0","1","0","0","2","0","0x11","800","0","0x64","0x0","0","0","0","0","0"
"0x67 Silver Shield","SilverShield_Name","SilverShield_Desc","0x1","0x67","0x9","Item_Flag_Unbreakable|Item_Flag_PassiveBoost","StatBonus_SilverShield|IsPointer","0x0","1","0","0","3","0","0x11","1600","0","0x65","0x0","0","0","0","0","0"
"0x68 Mage Ring","MageRing_Name","MageRing_Desc","0x1","0x68","0x9","Item_Flag_Unbreakable|Item_Flag_PassiveHeal","0x0","0x0","1","0","0","0","0","0x15","500","0","0x66","0x0","0","0","0","0","0"
"0x69 Chest Key","ChestKey_Name","ChestKey_Desc","ChestKey_UseScreen","0x69","0x9","0x0","0x0","0x0","1","0","0","0","0","0x11","300","0","0x8b","0x1e","0","0","0","0","0"
"0x6A Door Key","DoorKey_Name","DoorKey_Desc","DoorKey_UseScreen","0x6a","0x9","0x0","0x0","0x0","1","0","0","0","0","0x11","50","0","0x8b","0x1f","0","0","0","0","0"
"0x6B Lockpick","ThiefKey_Name","ThiefKey_Desc","ThiefKey_UseScreen","0x6b","0x9","0x0","0x0","0x0","15","0","0","0","0","0x11","74","0","0x69","0x20","0","0","0","0","0"
"0x6C Vulnerary","Vulnerary_Name","Vulnerary_Desc","Vulnerary_UseScreen","0x6c","0x9","0x0","0x0","0x0","3","10","0","0","0","0x11","100","0","0x6a","0x21","0","0","0","0","0"
"0x6D Elixir","Elixir_Name","Elixir_Desc","Elixir_UseScreen","0x6d","0x9","0x0","0x0","0x0","3","80","0","0","0","0x11","1000","0","0x6b","0x22","0","0","0","0","0"
"0x6E Pure Water","PureWater_Name","PureWater_Desc","PureWater_UseScreen","0x6e","0x9","0x0","0x0","0x0","3","0","0","0","0","0x11","750","0","0x6c","0x23","0","0","0","0","0"
"0x6F Antidote","Antitoxin_Name","Antitoxin_Desc","Antitoxin_UseScreen","0x6f","0x9","0x0","0x0","0x0","3","0","0","0","0","0x11","150","0","0x6d","0x24","0","0","0","0","0"
"0x70 Torch","TorchItem_Name","TorchItem_Desc","Torch_UseScreen","0x70","0x9","0x0","0x0","0x0","5","0","0","0","0","0x11","100","0","0x6e","0x25","0","0","0","0","0"
"0x71 Fili Shield","IoteShield_Name","IoteShield_Desc","0x1","0x71","0x9","Item_Flag_Unbreakable|Item_Flag_NegateEffective","0x0","0x0","0","0","0","0","0","0x11","2000","0","0xda","0x0","0","0","0","0","0"
"0x72 Member Card","MemberCard_Name","MemberCard_Desc","MemberCard_UseScreen","0x72","0x9","0x0","0x0","0x0","1","0","0","0","0","0x11","0","0","0x84","0x0","0","0","0","0","0"
"0x73 Silver Card","SilverCard_Name","SilverCard_Desc","SilverCard_UseScreen","0x73","0x9","0x0","0x0","0x0","1","0","0","0","0","0x11","0","0","0x85","0x0","0","0","0","0","0"
"0x74 Grimoire Ring","GrimoireRing_Name","GrimoireRing_Desc","0x1","0x74","0x9","Item_Flag_Unbreakable|Item_Flag_PassiveBoost","StatBonus_GrimoireRing|IsPointer","0x0","1","5","0","0","0","0x11","0","0","0x86","0x0","0","0","0","0","0"
"0x75 Animus Ring","AnimusRing_Name","AnimusRing_Desc","0x1","0x75","0x9","Item_Flag_Unbreakable|Item_Flag_PassiveHeal|Item_Flag_PassiveBoost|Item_Flag_Unstealable","0x0","0x0","1","0","0","0","0","0x13","0","0","0x87","0x0","0","0","0","0","0"
"0x76 Coral Ring","CoralRing_Name","CoralRing_Desc","0x1","0x76","0x9","Item_Flag_Unbreakable|Item_Flag_PassiveHeal|Item_Flag_PassiveBoost","StatBonus_CoralRing|IsPointer","0x0","1","0","0","0","0","0x11","1000","0","0x88","0x0","0","0","0","0","0"
"0x77 1G","GoldItem_Name","GoldItem_Desc","GoldItem_UseScreen","0x77","0x9","0x0","0x0","0x0","1","0","0","0","0","0x11","1","0","0x89","0x0","0","0","0","0","0"
"0x78 G.Dagger","GDagger_Name","GoldDagger_Desc","0x0","0x78","0x0","Item_Flag_UnsellableWeapon","0x0","0x0","45","1","90","0","5","0x11","0","W_Rank_E","0xb3","0x0","0","2","0","0","0"
"0x79 Chest Key (5)","ChestKey_Name","ChestKey_Desc","ChestKey_UseScreen","0x79","0x9","0x0","0x0","0x0","5","0","0","0","0","0x11","0","0","0x8b","0x26","0","0","0","0","0"
"0x7A Mine (DUMMY)","DummyItem_Name","Dummy_Desc","0x1","0x7a","0x9","0x0","0x0","0x0","1","0","0","0","0","0x11","3000","0","0x8c","0x27","0","0","0","0","0"
"0x7B Light Rune (DUMMY)","DummyItem_Name","Dummy_Desc","0x1","0x7b","0x9","0x0","0x0","0x0","1","0","0","0","0","0x11","1200","0","0x8d","0x28","0","0","0","0","0"
"0x7C Magic Shield","MagicShield_Name","MagicShield_Desc","0x1","0x7c","0x9","Item_Flag_Unbreakable|Item_Flag_PassiveBoost","StatBonus_MagicShield|IsPointer","0x0","0","0","0","3","0","0x11","6000","0","0x8e","0x0","0","0","0","0","0"
"0x7D Duma Icon","DumaIcon_Name","DumaIcon_Desc","0x1","0x7d","0x9","Item_Flag_Unbreakable|Item_Flag_NegateEffective|Item_Flag_PassiveBoost","0x0","0x0","15","0","0","0","0","0x11","0","0","0x90","0x0","0","0","0","0","0"
"0x7E Speed Ring","SpeedRing_Name","SpeedRing_Desc","0x1","0x7e","0x9","Item_Flag_Unbreakable|Item_Flag_PassiveHeal|Item_Flag_PassiveBoost","StatBonus_SpeedRing|IsPointer","0x0","1","0","0","0","0","0x11","0","0","0x92","0x0","0","0","0","0","0"
"0x7F Prayer Ring","PrayerRing_Name","PrayerRing_Desc","0x1","0x7f","0x9","Item_Flag_Unbreakable|Item_Flag_NegateCritical|Item_Flag_PassiveHeal","0x0","0x0","1","0","0","0","0","0x11","0","0","0x91","0x0","0","0","0","0","0"
"0x80 Keepsake Ring","KeepsakeRing_Name","KeepsakeRing_Desc","0x1","0x80","0x9","Item_Flag_Unbreakable|Item_Flag_PassiveHeal|Item_Flag_PassiveBoost","StatBonus_BerkutsRing|IsPointer","0x0","1","0","0","0","0","0x11","0","0","0x8f","0x0","0","0","0","0","0"
"0x81 Shadow Killer","DummyItem_Name","Dummy_Desc","0x0","0x81","0x0","Item_Flag_Weapon","0x0","0x0","60","1","90","1","5","0x11","0","W_Rank_E","0x0","0x0","0","1","0","0","0"
"0x82 Heavy Spear","HeavySpear_Name","HeavySpear_Desc","0x0","0x82","0x1","Item_Flag_Weapon","0x0","0x0","30","6","65","5","0","0x11","35","W_Rank_D","0x94","0x0","0","1","0","0","0"
"0x83 Holy Axe","HolyAxe_Name","HolyAxe_Desc","0x0","0x83","0x2","Item_Flag_HolyWeapon","0x0","0x0","60","3","85","0","10","0x11","2000","W_Rank_C","0x93","0x0","0","1","0","0","0"
"0x84 Luna","LunaBow_Name","LunaBow_Desc","0x0","0x84","0x3","Item_Flag_Weapon|Item_Flag_Unbreakable","0x0","0x0","5","10","100","5","0","0x13","10000","W_Rank_S","0x96","0x0","0","2","0","0","0"
"0x85 Falchion","Falchion_Name","Falchion_Desc","0x0","0x85","0x0","Item_Flag_UnsellableWeapon|Item_Flag_AlmLock|Item_Flag_PassiveHeal","0x0","0x0","30","10","80","1","0","0x11","0","0","0xb0","0x0","0","1","0","0","0"
"0x86 The Zofia","TheZofia_Name","TheZofia_Desc","0x0","0x86","0x0","Item_Flag_UnsellableWeapon|Item_Flag_CelicaLock|Item_Flag_PassiveHeal","0x0","0x0","40","6","85","1","10","0x11","0","0","0xaa","0x0","0","1","0","0","0"
"0x87 Aether","AetherAxe_Name","AetherAxe_Desc","0x0","0x87","0x6","Item_Flag_Weapon|Item_Flag_Unbreakable|Item_Flag_LunaEffect","0x0","0x0","30","15","65","5","5","0x12","0","W_Rank_S","0x95","0x0","0","1","0","0","0"
"0x88 Royal Shield","RoyalShield_Name","RoyalShield_Desc","0x1","0x88","0x9","Item_Flag_Unbreakable|Item_Flag_PassiveBoost","StatBonus_RoyalShield|IsPointer","0x0","1","0","0","3","0","0x11","3000","0","0x9a","0x0","0","0","0","0","0"
"0x89 Metis's Tome","MetisTome_Name","MetisTome_Desc","MetisTome_UseScreen","0x89","0x9","0x0","0x0","0x0","1","0","0","0","0","0x11","0","0","0xdc","0x2e","0","0","0","0","0"
"0x8A Rudolf's Shield","EmperorShield_Name","EmperorShield_Desc","0x1","0x8a","0x9","Item_Flag_Unbreakable|Item_Flag_PassiveBoost","StatBonus_EmperorShield|IsPointer","0x0","1","0","0","4","0","0x11","0","0","0x9c","0x0","0","0","0","0","0"
"0x8B Aircalibur","DummyItem_Name","Dummy_Desc","0x0","0x8b","0x9","0x0","0x0","0x0","20","8","85","2","0","0x11","0","W_Rank_B","0x35","0x0","0","1","0","0","0"
"0x8C Anew","AnewStaff_Name","Anew_Desc","Anew_UseScreen","0x8c","0x6","Item_Flag_WhiteMagic","0x0","0x0","3","0","100","5","0","0x11","0","W_Rank_S","0xc3","0x0","0","1","0","0","0"
"0x8D Rhomphaia","Rhomphaia_Name","Rhomphaia_Desc","0x0","0x8d","0x1","Item_Flag_Weapon","0x0","0x0","30","5","80","3","10","0x11","1000","W_Rank_C","0xb6","0x0","0","1","0","0","0"
"0x8E Imperius","Imperius_Name","Imperius_Desc","0x0","0x8e","0x1","Item_Flag_UnsellableWeapon|Item_Flag_AlmLock","0x0","0x0","30","7","85","4","0","0x11","0","0","0xb4","0x0","0","1","0","0","0"
"0x8F Duma's Lance","DumaLance_Name","DumaLance_Desc","0x0","0x8f","0x1","Item_Flag_Weapon|Item_Flag_Unbreakable","0x0","0x0","30","6","80","3","10","0x11","3000","W_Rank_B","0x18","0x0","0","1","0","0","0"
"0x90 Wretched Air","WretchedAir_Name","WretchedAir_Desc","0x0","0x90","0xb","Item_Flag_MonsterWeapon|Item_Flag_LunaEffect","StatBonus_WretchedAir|IsPointer","0x0","0","10","100","0","0","0x12","0","W_Rank_A","0x79","0x0","0","0","0","0","0"
"0x91 Mercurius","Mercurius_Name","Mercurius_Desc","0x0","0x91","0x0","Item_Flag_HolyWeapon|Item_Flag_Unsellable","0x0","0x0","30","11","80","2","0","0x11","0","W_Rank_S","0xb1","0x0","0","1","0","0","0"
"0x92 Gradivus","Gradivus_Name","Gradivus_Desc","0x0","0x92","0x1","Item_Flag_HolyWeapon|Item_Flag_Unsellable","0x0","0x0","30","12","100","5","0","0x12","0","W_Rank_S","0xb5","0x0","0","1","0","0","0"
"0x93 Hauteclere","Hauteclere_Name","Hauteclere_Desc","0x0","0x93","0x2","Item_Flag_HolyWeapon|Item_Flag_Unsellable","0x0","0x0","30","13","80","4","0","0x11","0","W_Rank_S","0xb7","0x0","0","1","0","0","0"
"0x94 Parthia","Parthia_Name","Parthia_Desc","0x0","0x94","0x3","Item_Flag_HolyWeapon|Item_Flag_Unsellable","0x0","0x0","30","8","75","6","0","0x13","0","W_Rank_S","0xba","0x0","0","1","0","0","0"
"0x95 Sol","SolLance_Name","SolLance_Desc","0x0","0x95","0x1","Item_Flag_Weapon|Item_Flag_Unbreakable","0x0","0x0","16","15","80","4","0","0x11","10000","W_Rank_S","0xa7","0x0","W_Effect_Drain","1","0","0","0"
"0x96 Saunion","Saunion_Name","Saunion_Desc","0x0","0x96","0x1","Item_Flag_Weapon|Item_Flag_Unbreakable","0x0","0x0","18","6","70","4","0","0x23","3000","W_Rank_C","0xa8","0x0","0","1","0","0","0"
"0x97 Angel Ring","AngelRing_Name","AngelRing_Desc","0x1","0x97","0x9","Item_Flag_Unbreakable|Item_Flag_PassiveHeal|Item_Flag_PassiveBoost","StatBonus_AngelRing|IsPointer","0x0","1","0","0","0","0","0x11","0","0","0x67","0x0","0","0","0","0","0"
"0x98 Hero's Proof","HerosProof_Name","HerosProof_Desc","HerosProof_UseScreen","0x98","0x9","Item_Flag_Unsellable","0x0","0x0","1","0","0","0","0","0x11","0","0","0xd8","0x31","0","0","0","0","0"
"0x99 Zofian Crown","ZofianCrown_Name","ZofianCrown_Desc","ZofianCrown_UseScreen","0x99","0x9","Item_Flag_Unsellable","0x0","0x0","1","0","0","0","0","0x11","0","0","0xd7","0x32","0","0","0","0","0"
"0x9A 1G (Dummy)","DummyItem_Name","Dummy_Desc","0x0","0x9a","0x9","0x0","0x0","0x0","1","0","0","0","0","0x11","1","0","0x89","0x0","0","0","0","0","0"
"0x9B 5G","Item5G_Name","GoldItem_Desc","GoldItem_UseScreen","0x9b","0x9","0x0","0x0","0x0","1","0","0","0","0","0x11","5","0","0x89","0x0","0","0","0","0","0"
"0x9C 10G","Item10G_Name","GoldItem_Desc","GoldItem_UseScreen","0x9c","0x9","0x0","0x0","0x0","1","0","0","0","0","0x11","10","0","0x89","0x0","0","0","0","0","0"
"0x9D 50G","Item50G_Name","GoldItem_Desc","GoldItem_UseScreen","0x9d","0x9","0x0","0x0","0x0","1","0","0","0","0","0x11","50","0","0x89","0x0","0","0","0","0","0"
"0x9E 100G","Item100G_Name","GoldItem_Desc","GoldItem_UseScreen","0x9e","0x9","0x0","0x0","0x0","1","0","0","0","0","0x11","100","0","0x89","0x0","0","0","0","0","0"
"0x9F 3000G","Item3KG_Name","GoldItem_Desc","GoldItem_UseScreen","0x9f","0x9","0x0","0x0","0x0","1","0","0","0","0","0x11","3000","0","0x89","0x0","0","0","0","0","0"
"0xA0 5000G","Item5KG_Name","GoldItem_Desc","GoldItem_UseScreen","0xa0","0x9","0x0","0x0","0x0","1","0","0","0","0","0x11","5000","0","0x89","0x0","0","0","0","0","0"
"0xA1 Dummy","DummyItem_Name","Dummy_Desc","0x0","0xa1","0x9","0x0","0x0","0x0","60","0","0","0","0","0x11","0","0","0x6a","0x33","0","0","0","0","0"
"0xA2 Vulnerary","DummyItem_Name","Dummy_Desc","0x0","0xa2","0x9","0x0","0x0","0x0","60","0","0","0","0","0x11","0","0","0x6a","0x33","0","0","0","0","0"
"0xA3 Vulnerary (green note)","DummyItem_Name","Dummy_Desc","0x0","0xa3","0x9","0x0","0x0","0x0","60","0","0","0","0","0x11","0","0","0xad","0x34","0","0","0","0","0"
"0xA4 Vulnerary (red note)","DummyItem_Name","Dummy_Desc","0x0","0xa4","0x9","0x0","0x0","0x0","60","0","0","0","0","0x11","0","0","0xae","0x35","0","0","0","0","0"
"0xA5 Dance","DanceItem_Name","DanceItem_Desc","DanceItem_UseScreen","0xa5","0xc","0x0","0x0","0x0","0","0","0","0","0","0x11","0","0","0x0","0x0","0","0","0","0","0"
"0xA6 Upheaval","Upheaval_Name","Upheaval_Desc","0x0","0xa6","0x6","Item_Flag_WhiteMagic","0x0","0x0","1","0","70","8","0","0xff","0","0","0xc7","0x0","0","0","0","0","0"
"0xA7 [Demon Shard]","DummyItem_Name","Dummy_Desc","0x0","0xa7","0xb","Item_Flag_MonsterWeapon","0x0","0x0","0","10","65","0","0","0x11","0","0","0x88","0x0","0","0","0","0","0"
"0xA8 Ocular Beam","OcularBeam_Name","OcularBeam_Desc","0x0","0xa8","0xb","0x40b","0x0","0x0","0","10","55","8","0","0x15","0","0","0xc5","0x0","0","0","0","0","0"
"0xA9 Oculus","Oculus_Name","Oculus_Desc","0x0","0xa9","0xb","0x48b","0x0","0x0","0","10","80","10","0","0x15","0","0","0xc6","0x0","0","0","0","0","0"
"0xAA Dragonstone","Dragonstone_Name","Dragonstone_Desc","0x0","0xaa","0xb","Item_Flag_MonsterWeapon|Item_Flag_Unsellable","0x0","0x0","50","16","100","0","0","0x11","0","0","0xc4","0x0","0","0","0","0","0"
"0xAB Tentacle","Tentacle_Name","Tentacle_Desc","0x0","0xab","0x7","Item_Flag_Weapon|Item_Flag_Unbreakable","0x0","0x0","0","10","60","5","0","0x12","0","0","0xc1","0x0","0","0","0","0","0"
"0xAC Shadowshot","Shadowshot_Name","Shadowshot_Desc","0x0","0xac","0x7","0x83","0x0","0x0","5","13","70","20","5","0x3a","0","0","0xc2","0x0","0","0","0","0","0"
"0xAD Rotten Claw","RottenClaw_Name","RottenClaw_Desc","0x0","0xad","0xb","Item_Flag_MonsterWeapon","0x0","0x0","0","0","90","0","0","0x11","0","0","0xd1","0x0","0","0","0","0","0"
"0xAE Fetid Claw","FetidClaw_Name","FetidClaw_Desc","0x0","0xae","0xb","Item_Flag_MonsterWeapon","0x0","0x0","0","7","70","0","0","0x11","0","0","0xd2","0x0","0","0","0","0","0"
"0xAF Poison Claw","PoisonClaw_Name","PoisonClaw_Desc","0x0","0xaf","0xb","Item_Flag_MonsterWeapon","0x0","0x0","0","5","80","0","0","0x11","0","0","0xd3","0x0","W_Effect_Poison","0","0","0","0"
"0xB0 Lethal Talon","LethalTalon_Name","LethalTalon_Desc","0x0","0xb0","0xb","Item_Flag_MonsterWeapon","0x0","0x0","0","22","100","0","0","0x11","0","0","0xd4","0x0","0","0","0","0","0"
"0xB1 Fiery Fang","FireFang_Name","FireFang_Desc","0x0","0xb1","0xb","Item_Flag_MonsterWeapon","0x0","0x0","0","0","90","0","0","0x11","0","0","0xd5","0x0","0","0","0","0","0"
"0xB2 Hellfang","Hellfang_Name","Hellfang_Desc","0x0","0xb2","0xb","Item_Flag_MonsterWeapon","0x0","0x0","0","8","80","2","0","0x11","0","0","0xd6","0x0","0","0","0","0","0"
"0xB3 Evil Eye","EvilEye_Name","EvilEye_Desc","0x0","0xb3","0x7","Item_Flag_Weapon|Item_Flag_Magic|Item_Flag_Unbreakable","0x0","0x0","0","4","85","6","0","0x12","0","0","0xbe","0x0","0","0","0","0","0"
"0xB4 Crimson Eye","CrimsonEye_Name","CrimsonEye_Desc","0x0","0xb4","0x7","Item_Flag_Weapon|Item_Flag_Magic|Item_Flag_Unbreakable","0x0","0x0","0","11","70","13","5","0x12","0","0","0xbf","0x0","0","0","0","0","0"
"0xB5 Stone","StoneItem_Name","StoneItem_Desc","0x0","0xb5","0x7","Item_Flag_Weapon|Item_Flag_Magic","0x0","0x0","5","0","65","8","0","0x13","0","0","0xc0","0x0","5","0","0","0","0"
"0xB6 Sharp Claw","SharpClaw_Name","SharpClaw_Desc","0x0","0xb6","0xb","Item_Flag_MonsterWeapon","0x0","0x0","0","5","65","2","0","0x11","0","0","0xd0","0x0","0","0","0","0","0"
"0xB7 Juna Fruit","JunaFruit_Name","JunaFruit_Desc","JunaFruit_UseScreen","0xb7","0x9","0x0","0x0","0x0","1","0","0","0","0","0x11","8000","0","0xdd","0x36","0","0","0","0","0"
"0xB8 150G","Item150G_Name","GoldItem_Desc","GoldItem_UseScreen","0xb8","0x9","0x0","0x0","0x0","1","0","0","0","0","0x11","150","0","0x89","0x0","0","0","0","0","0"
"0xB9 200G","Item200G_Name","GoldItem_Desc","GoldItem_UseScreen","0xb9","0x9","0x0","0x0","0x0","1","0","0","0","0","0x11","200","0","0x89","0x0","0","0","0","0","0"
"0xBA Dracoshield","Dracoshield_Name","DracoShield_Desc","0x1","0xba","0x9","Item_Flag_Unbreakable|Item_Flag_PassiveHeal|Item_Flag_PassiveBoost|Item_Flag_Unstealable","StatBonus_DracoShield|IsPointer","0x0","1","0","0","10","0","0x11","10000","0","0xc8","0x0","0","0","0","0","0"
"0xBB Holy Shield","HolyShield_Name","HolyShield_Desc","0x1","0xbb","0x9","Item_Flag_Unbreakable|Item_Flag_PassiveHeal|Item_Flag_PassiveBoost","0x0","0x0","1","0","0","0","0","0x11","4000","0","0xc9","0x0","0","0","0","0","0"
"0xBC -","DummyItem_Name","Dummy_Desc","0x0","0xbc","0x0","0x1","0x0","0x0","0","0","0","0","0","0x11","0","0","0x0","0x0","0","1","0","0","0"
"0xBD -","DummyItem_Name","Dummy_Desc","0x0","0xbd","0x2","0x1","0x0","0x0","0","0","0","0","0","0x11","0","0","0x0","0x0","0","1","0","0","0"
"0xBE -","DummyItem_Name","Dummy_Desc","0x0","0xbe","0x7","0x3","0x0","0x0","0","11","80","10","0","0x11","0","0","0x0","0x0","0","1","0","0","0"
"0xBF -","DummyItem_Name","Dummy_Desc","0x0","0xbf","0x7","0x3","0x0","0x0","0","11","80","10","0","0x11","0","0","0x0","0x0","0","1","0","0","0"
"0xC0 -","DummyItem_Name","Dummy_Desc","0x0","0xc0","0x9","0x0","0x0","0x0","0","0","0","0","0","0x11","0","0","0x0","0x0","0","1","0","0","0"
"0xC1 -","DummyItem_Name","Dummy_Desc","0x0","0xc1","0x9","0x0","0x0","0x0","0","0","0","0","0","0x11","0","0","0x0","0x0","0","1","0","0","0"
"0xC2 -","DummyItem_Name","Dummy_Desc","0x0","0xc2","0x9","0x0","0x0","0x0","0","0","0","0","0","0x11","0","0","0x0","0x0","0","1","0","0","0"
"0xC3 -","DummyItem_Name","Dummy_Desc","0x0","0xc3","0x9","0x0","0x0","0x0","0","0","0","0","0","0x11","0","0","0x0","0x0","0","1","0","0","0"
"0xC4 -","DummyItem_Name","Dummy_Desc","0x0","0xc4","0x9","0x0","0x0","0x0","0","11","80","10","0","0x11","0","0","0x0","0x0","0","1","0","0","0"
"0xC5 -","DummyItem_Name","Dummy_Desc","0x0","0xc5","0x9","0x0","0x0","0x0","0","11","80","10","0","0x11","0","0","0x0","0x0","0","1","0","0","0"
"0xC6 -","DummyItem_Name","Dummy_Desc","0x0","0xc6","0x9","0x0","0x0","0x0","0","0","0","0","0","0x11","0","0","0x0","0x0","0","1","0","0","0"
"0xC7 -","DummyItem_Name","Dummy_Desc","0x0","0xc7","0x9","0x0","0x0","0x0","0","11","80","10","0","0x11","0","0","0x0","0x0","0","1","0","0","0"
"0xC8 -","DummyItem_Name","Dummy_Desc","0x0","0xc8","0x9","0x0","0x0","0x0","0","0","0","0","0","0x11","0","0","0x0","0x0","0","1","0","0","0"
"0xC9 -","DummyItem_Name","Dummy_Desc","0x0","0xc9","0x9","0x0","0x0","0x0","0","11","80","10","0","0x11","0","0","0x0","0x0","0","1","0","0","0"
"0xCA -","DummyItem_Name","Dummy_Desc","0x0","0xca","0x9","0x0","0x0","0x0","0","0","0","0","0","0x11","0","0","0x0","0x0","0","1","0","0","0"
"0xCB -","DummyItem_Name","Dummy_Desc","0x0","0xcb","0x9","0x0","0x0","0x0","0","0","0","0","0","0x11","0","0","0x0","0x0","0","1","0","0","0"
"0xCC -","DummyItem_Name","Dummy_Desc","0x0","0xcc","0x9","0x0","0x0","0x0","1","0","0","0","0","0x11","0","0","0x9d","0x0","0","0","0","0","0"
"0xCD -","DummyItem_Name","Dummy_Desc","0x0","0xcd","0xc","0x0","0x0","0x0","0","0","0","0","0","0x11","0","0","0x0","0x0","0","1","0","0","0"
