"0x8b0890","Chapter Number Pointer","Object Type","Palette","Tile Configuration","Map","Tile Animation 1","Tile Animation 2","Triggerable Map Changes","Fog of War sight level (0 = No fog)","Battle Preparations","Save Menu Chapter Name","Chapter Title Image (Always Zero)","Initial Camera X-Coordinate","Initial Camera Y-Coordinate","Weather Condition","Battle Background Type","Normal/Hard bonus levels","Easy level penalty","Player Phase music","Enemy Phase music","NPC Phase music","Player Phase music 2","Enemy Phase music 2","NPC Phase music 2","Player BGM Change Flag","Enemy BGM Change Flag","Prep Screen BGM","Victory BGM","Unknown","Destructible Walls HP","Tactics rank A (1)","Tactics rank A (2)","Tactics rank A (3)","Tactics rank A (4)","Tactics rank B (1)","Tactics rank B (2)","Tactics rank B (3)","Tactics rank B (4)","Tactics rank C (1)","Tactics rank C (2)","Tactics rank C (3)","Tactics rank C (4)","Tactics rank D (1)","Tactics rank D (2)","Tactics rank D (3)","Tactics rank D (4)","Unknown (0)","Exp rank A (1)","Exp rank A (2)","Exp rank A (3)","Exp rank A (4)","Exp rank B (1)","Exp rank B (2)","Exp rank B (3)","Exp rank B (4)","Exp rank C (1)","Exp rank C (2)","Exp rank C (3)","Exp rank C (4)","Exp rank D (1)","Exp rank D (2)","Exp rank D (3)","Exp rank D (4)","Unknown","Funds rank 1","Funds rank 2","Funds rank 3","Funds rank 4","Map Name String","Map Name String 2","Event Data Reference","Worldmap Chapter Prologue Scene","Mode Byte","Chapter Number x2","Unknown 0","Unknown FFFF","##UNKNOWN##","Remaining enemies for Victory BGM","Dark Before Initial Event","Status - Objective Text","Goal Window Text","Goal Window Information","Turns to count down to +1","Protect Character Marker","Tile Marker - X-Coordinate","Tile Marker - Y-Coordinate","Unknown byte","Unknown short"
"00 Alm's Departure","0x81c32c8","plVillageObj","plVillagePal","plVillageConf","plCh1_1_Map","plVillageAnim","0x0","plCh1_1_Chg",0,0,"0x0","0x0","0x1","0x0","Weather_None","PlatformSet_Town","0x20","0x0","SongID_MarchToDeliverance","SongID_AirOfBrutality","SongID_ForTheCommander","SongID_MarchToDeliverance","SongID_AirOfBrutality","SongID_ForTheCommander","0xffff","0xffff","SongID_AlmPrep","SongID_AlmVictory","0xffff",15,5,5,5,5,6,6,6,6,7,7,7,7,8,8,8,8,0,100,100,100,100,80,80,80,80,60,60,60,60,40,40,40,40,0,"0x424","0x424","0x424","0x424","Ch1_1_Name","Ch1_1_Name","plCh1_1_Event","0x1","0x1",2,"0x0","0xffff","0x0",1,"0x1","Objective_Rout_Long_Bandits","Objective_Rout_Short","Obj_Rout","0","0x0",255,0,29,"0x0"
"01 Fleecer's Forest","0x81c32cc","plFieldsObj","plFieldsPal","plFieldsConf","plCh1_2_Map","plFieldsAnim","0x0","plCh1_2_Chg",0,0,"0x1","0x0","0x1","0x0","Weather_None","PlatformSet_Normal","0x20","0x0","SongID_MarchToDeliverance","SongID_AirOfBrutality","SongID_ForTheCommander","SongID_MarchToDeliverance","SongID_AirOfBrutality","SongID_ForTheCommander","0xffff","0xffff","SongID_AlmPrep","SongID_AlmVictory","0xffff",15,5,5,5,5,6,6,6,6,7,7,7,7,8,8,8,8,0,100,100,100,100,80,80,80,80,60,60,60,60,40,40,40,40,0,"0x424","0x424","0x424","0x424","Ch1_2_Name","Ch1_2_Name","plCh1_2_Event","0x2","0x1",4,"0x0","0xffff","0x0",1,"0x1","Objective_Rout_Long_Bandits","Objective_Rout_Short","Obj_Rout","0","0x0",255,0,24,"0x0"
"02 Thieves' Shrine","0x81c32d0","plTempleObj","plTemplePal","plTempleConf","plCh1_3_Map","plTempleAnim","0x0","plCh1_3_Chg",0,0,"0x2","0x0","0x8","0x3","Weather_None","PlatformSet_CaveShrine","0x20","0x0","SongID_MarchToDeliverance","SongID_AirOfBrutality","SongID_ForTheCommander","SongID_MarchToDeliverance","SongID_AirOfBrutality","SongID_ForTheCommander","0xffff","0xffff","SongID_AlmPrep","SongID_AlmVictory","0xffff",15,5,5,5,5,6,6,6,6,7,7,7,7,8,8,8,8,0,100,100,100,100,80,80,80,80,60,60,60,60,40,40,40,40,0,"0x424","0x424","0x424","0x424","Shrine1_Name","Shrine1_Name","plCh1_3_Event","0x3","0x1",6,"0x0","0xffff","0x0",1,"0x1","Objective_Survive_Long_Silque","Objective_Survive_Short","Obj_Defend","8","Silque",255,0,3,"0x0"
"03 Ram Valley Pass","0x81c32d4","plFieldsObj","plFieldsPal","plFieldsConf","plCh1_4_Map","plFieldsAnim","0x0","plCh1_4_Chg",0,0,"0x3","0x0","0x5","0xb","Weather_None","PlatformSet_Mountain","0x20","0x0","SongID_MarchToDeliverance","SongID_AirOfBrutality","SongID_ForTheCommander","SongID_MarchToDeliverance","SongID_AirOfBrutality","SongID_ForTheCommander","0xffff","0xffff","SongID_AlmPrep","SongID_AlmVictory","0xffff",15,5,5,5,5,6,6,6,6,7,7,7,7,8,8,8,8,0,100,100,100,100,80,80,80,80,60,60,60,60,40,40,40,40,0,"0x424","0x424","0x424","0x424","Ch1_3_Name","Ch1_3_Name","plCh1_4_Event","0x4","0x1",8,"0x0","0xffff","0x0",1,"0x1","Objective_Rout_Long_Bandits","Objective_Rout_Short","Obj_Rout","0","0x0",255,0,40,"0x0"
"04 Southern Outpost","0x81c32d8","plFortObj","plFortPal","plFortConf","plCh1_5_Map","plFortAnim","0x0","plCh1_5_Chg",0,0,"0x4","0x0","0x1","0x0","Weather_None","PlatformSet_Normal","0x20","0x0","SongID_MarchToDeliverance","SongID_AirOfBrutality","SongID_ForTheCommander","SongID_MarchToDeliverance","SongID_AirOfBrutality","SongID_ForTheCommander","0xffff","0xffff","SongID_AlmPrep","SongID_AlmVictory","0xffff",15,5,5,5,5,6,6,6,6,7,7,7,7,8,8,8,8,0,100,100,100,100,80,80,80,80,60,60,60,60,40,40,40,40,0,"0x424","0x424","0x424","0x424","Ch1_4_Name","Ch1_4_Name","plCh1_5_Event","0x5","0x1",10,"0x0","0xffff","0x0",1,"0x1","Objective_SeizeThrone_Long","Objective_SeizeThrone_Short","Obj_Seize","0","0x0",255,0,24,"0x0"
"05 The Zofian Army","0x81c32dc","plTempleObj","plTemplePal","plTempleConf","plCh1_6_Map","plTempleAnim","0x0","plCh1_6_Chg",0,0,"0x5","0x0","0x1","0x0","Weather_None","PlatformSet_Normal","0x20","0x0","SongID_MarchToDeliverance","SongID_AirOfBrutality","SongID_ForTheCommander","SongID_MarchToDeliverance","SongID_AirOfBrutality","SongID_ForTheCommander","0xffff","0xffff","SongID_AlmPrep","SongID_AlmVictory","0xffff",15,5,5,5,5,6,6,6,6,7,7,7,7,8,8,8,8,0,100,100,100,100,80,80,80,80,60,60,60,60,40,40,40,40,0,"0x424","0x424","0x424","0x424","Ch1_5_Name","Ch1_5_Name","plCh1_6_Event","0x6","0x1",12,"0x0","0xffff","0x0",1,"0x1","Objective_SeizeThrone_Long","Objective_SeizeThrone_Short","Obj_Seize","0","0x0",255,0,12,"0x0"
"06 The Deliverance","0x81c32e0","plFieldsObj","plFieldsPal","plFieldsConf","plCh1_7_Map","plFieldsAnim","0x0","plCh1_7_Chg",0,0,"0x6","0x0","0x8","0xa","Weather_None","PlatformSet_Normal","0x30","0x0","SongID_MarchToDeliverance","SongID_AirOfBrutality","SongID_ForTheCommander","SongID_MarchToDeliverance","SongID_AirOfBrutality","SongID_ForTheCommander","0xffff","0xffff","SongID_AlmPrep","SongID_AlmVictory","0xffff",15,5,5,5,5,6,6,6,6,7,7,7,7,8,8,8,8,0,100,100,100,100,80,80,80,80,60,60,60,60,40,40,40,40,0,"0x424","0x424","0x424","0x424","Ch1_6_Name","Ch1_6_Name","plCh1_7_Event","0x7","0x1",14,"0x0","0xffff","0x0",1,"0x1","Objective_Rout_Long","Objective_Rout_Short","Obj_Rout","0","0x0",255,0,5,"0x0"
"07 The Usurper","0x81c32e4","plCastleObj","plCastlePal","plCastleConf","plCh1_8_Map","plCastleAnim","0x0","plCh1_8_Chg",0,0,"0x7","0x0","0x8","0x8","Weather_None","PlatformSet_Castle_Gold","0x30","0x0","SongID_MarchToDeliverance","SongID_AirOfBrutality","SongID_ForTheCommander","SongID_MarchToDeliverance","SongID_AirOfBrutality","SongID_ForTheCommander","0xffff","0xffff","SongID_AlmPrep","SongID_AlmVictory","0xffff",15,5,5,5,5,6,6,6,6,7,7,7,7,8,8,8,8,0,100,100,100,100,80,80,80,80,60,60,60,60,40,40,40,40,0,"0x424","0x424","0x424","0x424","Ch1_7_Name","Ch1_7_Name","plCh1_8_Event","0x8","0x1",16,"0x0","0xffff","0x0",1,"0x1","Objective_SeizeThrone_Long","Objective_SeizeThrone_Short","Obj_Seize","0","0x0",255,0,26,"0x0"
"08 Leaving the Nest","0x81c32e8","plTempleObj","plTemplePal","plTempleConf","plCh2_1_Map","plTempleAnim","0x0","plCh2_1_Chg",0,0,"0x8","0x0","0x8","0xc","Weather_None","PlatformSet_Night","0x30","0x0","SongID_MilasDivineProtection","SongID_DisquietingSteps","SongID_ForTheCommander","SongID_MilasDivineProtection","SongID_DisquietingSteps","SongID_ForTheCommander","0xffff","0xffff","SongID_CelicaPrep","SongID_CelicaVictory","0xffff",15,5,5,5,5,6,6,6,6,7,7,7,7,8,8,8,8,0,100,100,100,100,80,80,80,80,60,60,60,60,40,40,40,40,0,"0x424","0x424","0x424","0x424","Ch2_1_Name","Ch2_1_Name","plCh2_1_Event","0x9","0x3",18,"0x0","0xffff","0x0",1,"0x1","Objective_Rout_Long_Monsters","Objective_Rout_Short","Obj_Rout","0","0x0",255,0,24,"0x0"
"09 One-Eyed Savior","0x81c32ec","plVillageObj","plVillagePal","plVillageConf","plCh2_2_Map","plVillageAnim","0x0","plCh2_2_Chg",0,0,"0x9","0x0","0x2","0x6","Weather_None","PlatformSet_Ship","0x30","0x0","SongID_MilasDivineProtection","SongID_DisquietingSteps","SongID_ForTheCommander","SongID_MilasDivineProtection","SongID_DisquietingSteps","SongID_ForTheCommander","0xffff","0xffff","SongID_CelicaPrep","SongID_CelicaVictory","0xffff",15,5,5,5,5,6,6,6,6,7,7,7,7,8,8,8,8,0,100,100,100,100,80,80,80,80,60,60,60,60,40,40,40,40,0,"0x424","0x424","0x424","0x424","Ch2_2_Name","Ch2_2_Name","plCh2_2_Event","0xa","0x3",20,"0x0","0xffff","0x0",1,"0x1","Objective_Rout_Long_Pirates","Objective_Rout_Short","Obj_Rout","0","0x0",255,0,12,"0x0"
"0A The Seaway","0x81c32f0","plVillageObj","plVillagePal","plVillageConf","plCh2_3_Map","plVillageAnim","0x0","plCh2_3_Chg",0,0,"0xa","0x0","0x10","0xc","Weather_None","PlatformSet_Ship","0x30","0x0","SongID_MilasDivineProtection","SongID_DisquietingSteps","SongID_ForTheCommander","SongID_MilasDivineProtection","SongID_DisquietingSteps","SongID_ForTheCommander","0xffff","0xffff","SongID_CelicaPrep","SongID_CelicaVictory","0xffff",15,5,5,5,5,6,6,6,6,7,7,7,7,8,8,8,8,0,100,100,100,100,80,80,80,80,60,60,60,60,40,40,40,40,0,"0x424","0x424","0x424","0x424","Ch2_3_Name","Ch2_3_Name","plCh2_3_Event","0xb","0x3",22,"0x0","0xffff","0x0",1,"0x1","Objective_Rout_Long_Pirates","Objective_Rout_Short","Obj_Rout","0","0x0",255,0,7,"0x0"
"0B The Pirates' Throne","0x81c32f4","plVillageObj","plVillagePal","plVillageConf","plCh2_4_Map","plVillageAnim","0x0","plCh2_4_Chg",0,0,"0xb","0x0","0x8","0xf","Weather_None","PlatformSet_Town","0x30","0x0","SongID_MilasDivineProtection","SongID_DisquietingSteps","SongID_ForTheCommander","SongID_MilasDivineProtection","SongID_DisquietingSteps","SongID_ForTheCommander","0xffff","0xffff","SongID_CelicaPrep","SongID_CelicaVictory","0xffff",15,5,5,5,5,6,6,6,6,7,7,7,7,8,8,8,8,0,100,100,100,100,80,80,80,80,60,60,60,60,40,40,40,40,0,"0x424","0x424","0x424","0x424","Ch2_4_Name","Ch2_4_Name","plCh2_4_Event","0xc","0x3",24,"0x0","0xffff","0x0",1,"0x1","Objective_SeizeThrone_Long","Objective_SeizeThrone_Short","Obj_Seize","0","0x0",255,0,29,"0x0"
"0C The Resurrectionist","0x81c32f8","plVillageObj","plVillagePal","plVillageConf","plCh2_5_Map","plVillageAnim","0x0","plCh2_5_Chg",5,0,"0xc","0x0","0x8","0xb","Weather_Rain","PlatformSet_Ship","0x30","0x0","SongID_MilasDivineProtection","SongID_DisquietingSteps","SongID_ForTheCommander","SongID_MilasDivineProtection","SongID_DisquietingSteps","SongID_ForTheCommander","0xffff","0xffff","SongID_CelicaPrep","SongID_CelicaVictory","0xffff",15,5,5,5,5,6,6,6,6,7,7,7,7,8,8,8,8,0,100,100,100,100,80,80,80,80,60,60,60,60,40,40,40,40,0,"0x424","0x424","0x424","0x424","Ch2_5_Name","Ch2_5_Name","plCh2_5_Event","0xd","0x3",26,"0x0","0xffff","0x0",0,"0x1","Objective_Rout_Long","Objective_Rout_Short","Obj_Rout","0","0x0",255,0,29,"0x0"
"0D The Warship","0x81c32fc","plVillageObj","plVillagePal","plVillageConf","plCh2_6_Map","plVillageAnim","0x0","plCh2_6_Chg",0,0,"0xd","0x0","0xc","0x11","Weather_None","PlatformSet_Ship","0x30","0x0","SongID_MilasDivineProtection","SongID_DisquietingSteps","SongID_ForTheCommander","SongID_MilasDivineProtection","SongID_DisquietingSteps","SongID_ForTheCommander","0xffff","0xffff","SongID_CelicaPrep","SongID_CelicaVictory","0xffff",15,5,5,5,5,6,6,6,6,7,7,7,7,8,8,8,8,0,100,100,100,100,80,80,80,80,60,60,60,60,40,40,40,40,0,"0x424","0x424","0x424","0x424","Ch2_6_Name","Ch2_6_Name","plCh2_6_Event","0xe","0x3",28,"0x0","0xffff","0x0",1,"0x1","Objective_Rout_Long","Objective_Rout_Short","Obj_Rout","0","0x0",255,0,24,"0x0"
"0E Zofia Harbor","0x81c3300","plVillageObj","plVillagePal","plVillageConf","plCh2_7_Map","plVillageAnim","0x0","plCh2_7_Chg",0,0,"0xe","0x0","0xc","0xf","Weather_None","PlatformSet_Town","0x40","0x0","SongID_MilasDivineProtection","SongID_DisquietingSteps","SongID_ForTheCommander","SongID_MilasDivineProtection","SongID_DisquietingSteps","SongID_ForTheCommander","0xffff","0xffff","SongID_CelicaPrep","SongID_CelicaVictory","0xffff",15,5,5,5,5,6,6,6,6,7,7,7,7,8,8,8,8,0,100,100,100,100,80,80,80,80,60,60,60,60,40,40,40,40,0,"0x424","0x424","0x424","0x424","Ch2_7_Name","Ch2_7_Name","plCh2_7_Event","0xf","0x3",30,"0x0","0xffff","0x0",1,"0x1","Objective_Rout_Long","Objective_Rout_Short","Obj_Rout","0","0x0",255,0,42,"0x0"
"0F Noble Vengeance","0x81c3304","plFieldsObj","plFieldsPal","plFieldsConf","plCh3A_1_Map","plFieldsAnim","0x0","plCh3A_1_Chg",0,0,"0xf","0x0","0xd","0x6","Weather_None","PlatformSet_Normal","0x40","0x0","SongID_FootstepsOfFate","SongID_AirOfBrutality","SongID_ForTheCommander","SongID_FootstepsOfFate","SongID_AirOfBrutality","SongID_ForTheCommander","0xffff","0xffff","SongID_AlmPrep","SongID_AlmVictory","0xffff",15,5,5,5,5,6,6,6,6,7,7,7,7,8,8,8,8,0,100,100,100,100,80,80,80,80,60,60,60,60,40,40,40,40,0,"0x424","0x424","0x424","0x424","Ch3A_1_Name","Ch3A_1_Name","plCh3A_1_Event","0x10","0x2",32,"0x0","0xffff","0x0",1,"0x1","Objective_SeizeGate_Long","Objective_SeizeGate_Short","Obj_Seize","0","0x0",255,0,48,"0x0"
"10 Forest of Storms","0x81c3308","plFieldsObj","plFieldsPal","plFieldsConf","plCh3A_2_Map","plFieldsAnim","0x0","plCh3A_2_Chg",5,0,"0x10","0x0","0x1","0x0","Weather_Rain","PlatformSet_Night","0x40","0x0","SongID_FootstepsOfFate","SongID_AirOfBrutality","SongID_ForTheCommander","SongID_FootstepsOfFate","SongID_AirOfBrutality","SongID_ForTheCommander","0xffff","0xffff","SongID_AlmPrep","SongID_AlmVictory","0xffff",15,5,5,5,5,6,6,6,6,7,7,7,7,8,8,8,8,0,100,100,100,100,80,80,80,80,60,60,60,60,40,40,40,40,0,"0x424","0x424","0x424","0x424","Ch3A_2_Name","Ch3A_2_Name","plCh3A_2_Event","0x11","0x2",34,"0x0","0xffff","0x0",0,"0x1","Objective_SeizeGate_Long","Objective_SeizeGate_Short","Obj_Seize","0","0x0",255,0,12,"0x0"
"11 The Elite","0x81c330c","plFieldsObj","plFieldsPal","plFieldsConf","plCh3A_3_Map","plFieldsAnim","0x0","plCh3A_3_Chg",0,0,"0x11","0x0","0x1","0x0","Weather_None","PlatformSet_Normal","0x40","0x0","SongID_FootstepsOfFate","SongID_AirOfBrutality","SongID_ForTheCommander","SongID_FootstepsOfFate","SongID_AirOfBrutality","SongID_ForTheCommander","0xffff","0xffff","SongID_AlmPrep","SongID_AlmVictory","0xffff",15,5,5,5,5,6,6,6,6,7,7,7,7,8,8,8,8,0,100,100,100,100,80,80,80,80,60,60,60,60,40,40,40,40,0,"0x424","0x424","0x424","0x424","Ch3A_3_Name","Ch3A_3_Name","plCh3A_3_Event","0x12","0x2",36,"0x0","0xffff","0x0",1,"0x1","Objective_Rout_Bosses","Objective_BossPlural_Short","Obj_Boss","0","0x0",255,0,24,"0x0"
"12 Homecoming","0x81c3310","plStrongholdObj","plStrongholdPal","plStrongholdConf","plCh3A_4_Map","plStrongholdAnim","0x0","plCh3A_4_Chg",0,0,"0x12","0x0","0x1","0x1b","Weather_None","PlatformSet_Castle_Gray","0x50","0x0","SongID_FootstepsOfFate","SongID_AirOfBrutality","SongID_ForTheCommander","SongID_FootstepsOfFate","SongID_AirOfBrutality","SongID_ForTheCommander","0xffff","0xffff","SongID_AlmPrep","SongID_AlmVictory","0xffff",15,5,5,5,5,6,6,6,6,7,7,7,7,8,8,8,8,0,100,100,100,100,80,80,80,80,60,60,60,60,40,40,40,40,0,"0x424","0x424","0x424","0x424","Ch3A_4_Name","Ch3A_4_Name","plCh3A_4_Event","0x13","0x2",38,"0x0","0xffff","0x0",1,"0x1","Objective_SeizeThrone_Long","Objective_SeizeThrone_Short","Obj_Seize","0","0x0",255,0,50,"0x0"
"13 Invaders Descend","0x81c3314","plCastleObj","plCastlePal","plCastleConf","plCh3A_5_Map","plCastleAnim","0x0","plCh3A_5_Chg",5,0,"0x13","0x0","0x11","0xb","Weather_None","PlatformSet_Normal","0x50","0x0","SongID_FootstepsOfFate","SongID_AirOfBrutality","SongID_ForTheCommander","SongID_FootstepsOfFate","SongID_AirOfBrutality","SongID_ForTheCommander","0xffff","0xffff","SongID_AlmPrep","SongID_AlmVictory","0xffff",15,5,5,5,5,6,6,6,6,7,7,7,7,8,8,8,8,0,100,100,100,100,80,80,80,80,60,60,60,60,40,40,40,40,0,"0x424","0x424","0x424","0x424","Ch3A_5_Name","Ch3A_5_Name","plCh3A_5_Event","0x14","0x2",40,"0x0","0xffff","0x0",1,"0x1","Objective_Boss_Lawson","Objective_Boss_Short","Obj_Boss","0","0x0",255,0,11,"0x0"
"14 The Siege","0x81c3318","plFieldsObj","plFieldsPal","plFieldsConf","plCh3A_6_Map","plFieldsAnim","0x0","plCh3A_6_Chg",0,0,"0x14","0x0","0xc","0xc","Weather_None","PlatformSet_Normal","0x50","0x0","SongID_FootstepsOfFate","SongID_AirOfBrutality","SongID_ForTheCommander","SongID_FootstepsOfFate","SongID_AirOfBrutality","SongID_ForTheCommander","0xffff","0xffff","SongID_AlmPrep","SongID_AlmVictory","0xffff",15,5,5,5,5,6,6,6,6,7,7,7,7,8,8,8,8,0,100,100,100,100,80,80,80,80,60,60,60,60,40,40,40,40,0,"0x424","0x424","0x424","0x424","Ch3A_6_Name","Ch3A_6_Name","plCh3A_6_Event","0x15","0x2",42,"0x0","0xffff","0x0",1,"0x1","Objective_SeizeGate_Long","Objective_SeizeGate_Short","Obj_Seize","0","0x0",255,0,49,"0x0"
"15 The Puppeteer","0x81c331c","plTempleObj","plTemplePal","plTempleConf","plCh3A_7_Map","plTempleAnim","0x0","plCh3A_7_Chg",0,0,"0x15","0x0","0x8","0x14","Weather_None","PlatformSet_Normal","0x50","0x0","SongID_FootstepsOfFate","SongID_AirOfBrutality","SongID_ForTheCommander","SongID_FootstepsOfFate","SongID_AirOfBrutality","SongID_ForTheCommander","0xffff","0xffff","SongID_AlmPrep","SongID_AlmVictory","0xffff",15,5,5,5,5,6,6,6,6,7,7,7,7,8,8,8,8,0,100,100,100,100,80,80,80,80,60,60,60,60,40,40,40,40,0,"0x424","0x424","0x424","0x424","Ch3A_7_Name","Ch3A_7_Name","plCh3A_7_Event","0x16","0x2",44,"0x0","0xffff","0x0",1,"0x1","Objective_SeizeThrone_Long","Objective_SeizeThrone_Short","Obj_Seize","14","0x0",255,0,52,"0x0"
"16 Two Sisters","0x81c3320","plTempleObj","plTemplePal","plTempleConf","plCh3C_1_Map","plTempleAnim","0x0","plCh3C_1_Chg",0,0,"0x16","0x0","0x1","0xf","Weather_None","PlatformSet_Normal","0x40","0x0","SongID_EndlessBattle","SongID_DisquietingSteps","SongID_ForTheCommander","SongID_EndlessBattle","SongID_DisquietingSteps","SongID_ForTheCommander","0xffff","0xffff","SongID_CelicaPrep","SongID_CelicaVictory","0xffff",15,5,5,5,5,6,6,6,6,7,7,7,7,8,8,8,8,0,100,100,100,100,80,80,80,80,60,60,60,60,40,40,40,40,0,"0x424","0x424","0x424","0x424","Ch3C_1_Name","Ch3C_1_Name","plCh3C_1_Event","0x17","0x3",32,"0x0","0xffff","0x0",1,"0x1","Objective_Boss_Garth","Objective_Boss_Short","Obj_Boss","0","0x0",255,0,52,"0x0"
"17 Among the Graves","0x81c3328","plTempleObj","plTemplePal","plTempleConf","plCh3C_2_Map","plTempleAnim","0x0","plCh3C_2_Chg",0,0,"0x17","0x0","0xe","0x12","Weather_None","PlatformSet_Night","0x40","0x0","SongID_EndlessBattle","SongID_DisquietingSteps","SongID_ForTheCommander","SongID_EndlessBattle","SongID_DisquietingSteps","SongID_ForTheCommander","0xffff","0xffff","SongID_CelicaPrep","SongID_CelicaVictory","0xffff",15,5,5,5,5,6,6,6,6,7,7,7,7,8,8,8,8,0,100,100,100,100,80,80,80,80,60,60,60,60,40,40,40,40,0,"0x424","0x424","0x424","0x424","Ch3C_2_Name","Ch3C_2_Name","plCh3C_2_Event","0x18","0x3",34,"0x0","0xffff","0x0",1,"0x1","Objective_Rout_Long","Objective_Rout_Short","Obj_Rout","0","0x0",255,0,38,"0x0"
"18 Desert Bastion","0x81c332c","plDesertObj","plDesertPal","plDesertConf","plCh3C_3_Map","plDesertAnim","0x0","plCh3C_3_Chg",0,0,"0x18","0x0","0x11","0x12","Weather_None","PlatformSet_Desert","0x40","0x0","SongID_LandOfShiftingSand","SongID_DisquietingSteps","SongID_ForTheCommander","SongID_LandOfShiftingSand","SongID_DisquietingSteps","SongID_ForTheCommander","0xffff","0xffff","SongID_CelicaPrep","SongID_CelicaVictory","0xffff",15,5,5,5,5,6,6,6,6,7,7,7,7,8,8,8,8,0,100,100,100,100,80,80,80,80,60,60,60,60,40,40,40,40,0,"0x424","0x424","0x424","0x424","Ch3C_3_Name","Ch3C_3_Name","plCh3C_3_Event","0x19","0x3",36,"0x0","0xffff","0x0",1,"0x1","Objective_SeizeThrone_Long","Objective_SeizeThrone_Short","Obj_Seize","0","0x0",255,0,7,"0x0"
"19 The Ultimatum (Deen)","0x81c3330","plDesertObj","plDesertPal","plDesertConf","plCh3C_4D_Map","plDesertAnim","0x0","plCh3C_4D_Chg",0,0,"0x19","0x0","0x7","0x12","Weather_None","PlatformSet_Desert","0x40","0x0","SongID_LandOfShiftingSand","SongID_DisquietingSteps","SongID_ForTheCommander","SongID_LandOfShiftingSand","SongID_DisquietingSteps","SongID_ForTheCommander","0xffff","0xffff","SongID_CelicaPrep","SongID_CelicaVictory","0xffff",15,5,5,5,5,6,6,6,6,7,7,7,7,8,8,8,8,0,100,100,100,100,80,80,80,80,60,60,60,60,40,40,40,40,0,"0x424","0x424","0x424","0x424","Ch3C_4_Name","Ch3C_4_Name","plCh3C_4D_Event ","0x1a","0x3",38,"0x0","0xffff","0x0",1,"0x1","Objective_Boss_Deen","Objective_Boss_Short","Obj_Boss","0","0x0",255,0,7,"0x0"
"1a The Ultimatum (Sonya)","0x81c3330","plDesertObj","plDesertPal","plDesertConf","plCh3C_4S_Map","plDesertAnim","0x0","plCh3C_4S_Chg",0,0,"0x19","0x0","0x3","0x0","Weather_None","PlatformSet_Desert","0x40","0x0","SongID_LandOfShiftingSand","SongID_DisquietingSteps","SongID_ForTheCommander","SongID_LandOfShiftingSand","SongID_DisquietingSteps","SongID_ForTheCommander","0xffff","0xffff","SongID_CelicaPrep","SongID_CelicaVictory","0xffff",15,5,5,5,5,6,6,6,6,7,7,7,7,8,8,8,8,0,100,100,100,100,80,80,80,80,60,60,60,60,40,40,40,40,0,"0x424","0x424","0x424","0x424","Ch3C_4_Name","Ch3C_4_Name","plCh3C_4S_Event","0x1a","0x3",38,"0x0","0xffff","0x0",1,"0x1","Objective_Boss_Sonya","Objective_Boss_Short","Obj_Boss","0","0x0",255,0,7,"0x0"
"1b A Throne of Sand","0x81c3334","plDesertObj","plDesertPal","plDesertConf","plCh3C_5_Map","plDesertAnim","0x0","plCh3C_5_Chg",0,0,"0x1b","0x0","0xf","0xe","Weather_None","PlatformSet_Desert","0x50","0x0","SongID_EndlessBattle","SongID_DisquietingSteps","SongID_ForTheCommander","SongID_EndlessBattle","SongID_DisquietingSteps","SongID_ForTheCommander","0xffff","0xffff","SongID_CelicaPrep","SongID_CelicaVictory","0xffff",15,5,5,5,5,6,6,6,6,7,7,7,7,8,8,8,8,0,100,100,100,100,80,80,80,80,60,60,60,60,40,40,40,40,0,"0x424","0x424","0x424","0x424","Ch3C_5_Name","Ch3C_5_Name","plCh3C_5_Event","0x1b","0x3",40,"0x0","0xffff","0x0",1,"0x1","Objective_SeizeThrone_Long","Objective_SeizeThrone_Short","Obj_Seize","0","0x0",255,0,24,"0x0"
"1c Unholy Blade","0x81c3338","plFieldsObj","plFieldsPal","plFieldsConf","plCh3C_6_Map","plFieldsAnim","0x0","plCh3C_6_Chg",0,0,"0x1c","0x0","0x1","0x0","Weather_None","PlatformSet_Mountain","0x50","0x0","SongID_EndlessBattle","SongID_DisquietingSteps","SongID_ForTheCommander","SongID_EndlessBattle","SongID_DisquietingSteps","SongID_ForTheCommander","0xffff","0xffff","SongID_CelicaPrep","SongID_CelicaVictory","0xffff",15,5,5,5,5,6,6,6,6,7,7,7,7,8,8,8,8,0,100,100,100,100,80,80,80,80,60,60,60,60,40,40,40,40,0,"0x424","0x424","0x424","0x424","Ch3C_6_Name","Ch3C_6_Name","plCh3C_6_Event","0x1c","0x3",42,"0x0","0xffff","0x0",1,"0x1","Objective_SeizeGate_Long","Objective_SeizeGate_Short","Obj_Seize","0","0x0",255,0,12,"0x0"
"1d Temple of Mila","0x81c333c","plTowerObj","plTowerPal","plTowerConf","plCh3C_7_Map","plTowerAnim","0x0","plCh3C_7_Chg",0,0,"0x1d","0x0","0xd","0x4","Weather_None","PlatformSet_MilaTemple","0x50","0x0","SongID_EndlessBattle","SongID_DisquietingSteps","SongID_ForTheCommander","SongID_EndlessBattle","SongID_DisquietingSteps","SongID_ForTheCommander","0xffff","0xffff","SongID_CelicaPrep","SongID_CelicaVictory","0xffff",15,5,5,5,5,6,6,6,6,7,7,7,7,8,8,8,8,0,100,100,100,100,80,80,80,80,60,60,60,60,40,40,40,40,0,"0x424","0x424","0x424","0x424","Ch3C_7_Name","Ch3C_7_Name","plCh3C_7_Event","0x1d","0x3",44,"0x0","0xffff","0x0",1,"0x1","Objective_SeizeThrone_Long","Objective_SeizeThrone_Short","Obj_Seize","0","0x0",255,0,48,"0x0"
"1e Swamp 1","0x81c3340","plFieldsObj","plFieldsPal","plFieldsConf","plCh4_1C_Map","plNoAnim","0x0","0x0",0,0,"0x1e","0x0","0x0","0x13","Weather_Rain","PlatformSet_Normal","0x50","0x0","SongID_SacrificeAndSaint","SongID_DisquietingSteps","SongID_ForTheCommander","SongID_SacrificeAndSaint","SongID_DisquietingSteps","SongID_ForTheCommander","0xffff","0xffff","SongID_CelicaPrep","SongID_CelicaVictory","0xffff",15,5,5,5,5,6,6,6,6,7,7,7,7,8,8,8,8,0,100,100,100,100,80,80,80,80,60,60,60,60,40,40,40,40,0,"0x424","0x424","0x424","0x424","Ch4C_1_Name","Ch4C_1_Name","plCh4_1C_Event","0x1e","0x3",46,"0x0","0xffff","0x0",1,"0x1","Objective_SeizeGate_Long","Objective_SeizeGate_Short","Obj_Seize","0","0x0",255,0,12,"0x0"
"1f Swamp 2","0x81c3344","plFieldsObj","plFieldsPal","plFieldsConf","plCh4_2C_Map","plNoAnim","0x0","0x0",0,0,"0x1f","0x0","0x9","0x17","Weather_Rain","PlatformSet_Normal","0x50","0x0","SongID_SacrificeAndSaint","SongID_DisquietingSteps","SongID_ForTheCommander","SongID_SacrificeAndSaint","SongID_DisquietingSteps","SongID_ForTheCommander","0xffff","0xffff","SongID_CelicaPrep","SongID_CelicaVictory","0xffff",15,5,5,5,5,6,6,6,6,7,7,7,7,8,8,8,8,0,100,100,100,100,80,80,80,80,60,60,60,60,40,40,40,40,0,"0x424","0x424","0x424","0x424","Ch4C_2_Name","Ch4C_2_Name","plCh4_2C_Event","0x1f","0x3",48,"0x0","0xffff","0x0",1,"0x1","Objective_Rout_Long","Objective_Rout_Short","Obj_Rout","0","0x0",255,0,24,"0x0"
"20 Dolth Keep","0x81c3348","plFieldsObj","plFieldsPal","plFieldsConf","plCh4_3C_Map","plNoAnim","0x0","0x0",0,0,"0x20","0x0","0x9","0x0","Weather_Rain","PlatformSet_Normal","0x50","0x0","SongID_SacrificeAndSaint","SongID_DisquietingSteps","SongID_ForTheCommander","SongID_SacrificeAndSaint","SongID_DisquietingSteps","SongID_ForTheCommander","0xffff","0xffff","SongID_CelicaPrep","SongID_CelicaVictory","0xffff",15,5,5,5,5,6,6,6,6,7,7,7,7,8,8,8,8,0,100,100,100,100,80,80,80,80,60,60,60,60,40,40,40,40,0,"0x424","0x424","0x424","0x424","Ch4C_3_Name","Ch4C_3_Name","plCh4_3C_Event","0x20","0x3",50,"0x0","0xffff","0x0",1,"0x1","Objective_SeizeGate_Long","Objective_SeizeGate_Short","Obj_Seize","0","0x0",255,0,50,"0x0"
"21 Duma Gate","0x81c334c","plFieldsObj","plFieldsPal","plFieldsConf","plCh4_4C_Map","plNoAnim","0x0","0x0",0,0,"0x21","0x0","0xb","0xa","Weather_None","PlatformSet_Normal","0x50","0x0","SongID_SacrificeAndSaint","SongID_DisquietingSteps","SongID_ForTheCommander","SongID_SacrificeAndSaint","SongID_DisquietingSteps","SongID_ForTheCommander","0xffff","0xffff","SongID_CelicaPrep","SongID_CelicaVictory","0xffff",15,5,5,5,5,6,6,6,6,7,7,7,7,8,8,8,8,0,100,100,100,100,80,80,80,80,60,60,60,60,40,40,40,40,0,"0x424","0x424","0x424","0x424","Ch4C_4_Name","Ch4C_4_Name","plCh4_4C_Event","0x21","0x3",52,"0x0","0xffff","0x0",1,"0x1","Objective_SeizeThrone_Long","Objective_SeizeThrone_Short","Obj_Seize","0","0x0",255,0,12,"0x0"
"22 Jedah 1","0x81c3350","plFieldsObj","plFieldsPal","plFieldsConf","plCh4_5C_Map","plNoAnim","0x0","0x0",0,0,"0x22","0x0","0x10","0xc","Weather_Rain","PlatformSet_Normal","0x50","0x0","SongID_SacrificeAndSaint","SongID_DisquietingSteps","SongID_ForTheCommander","SongID_SacrificeAndSaint","SongID_DisquietingSteps","SongID_ForTheCommander","0xffff","0xffff","SongID_CelicaPrep","SongID_CelicaVictory","0xffff",15,5,5,5,5,6,6,6,6,7,7,7,7,8,8,8,8,0,100,100,100,100,80,80,80,80,60,60,60,60,40,40,40,40,0,"0x424","0x424","0x424","0x424","Ch4C_5_Name","Ch4C_5_Name","plCh4_5C_Event","0x22","0x3",54,"0x0","0xffff","0x0",1,"0x1","Objective_Rout_Long","Objective_Rout_Short","Obj_Rout","0","0x0",255,0,49,"0x0"
"23 Rigel Border","0x81c3354","plFieldsObj","plFieldsPal","plFieldsConf","plCh4_1A_Map","plFieldsAnim","0x0","plCh4_1A_Chg",0,0,"0x23","0x0","0xc","0x14","Weather_None","PlatformSet_Normal","0x50","0x0","SongID_WhatLiesAtTheEnd","SongID_AirOfBrutality","SongID_ForTheCommander","SongID_WhatLiesAtTheEnd","SongID_AirOfBrutality","SongID_ForTheCommander","0xffff","0xffff","SongID_AlmPrep","SongID_AlmVictory","0xffff",15,5,5,5,5,6,6,6,6,7,7,7,7,8,8,8,8,0,100,100,100,100,80,80,80,80,60,60,60,60,40,40,40,40,0,"0x424","0x424","0x424","0x424","Ch4A_1_Name","Ch4A_1_Name","plCh4_1A_Event","0x23","0x2",46,"0x0","0xffff","0x0",1,"0x1","Objective_Rout_Long","Objective_Rout_Short","Obj_Rout","0","0x0",255,0,52,"0x0"
"24 Rigel Forest","0x81c3358","plFieldsObj","plFieldsPal","plFieldsConf","plCh4_2A_Map","plNoAnim","0x0","0x0",5,0,"0x24","0x0","0xc","0x6","Weather_Rain","PlatformSet_Normal","0x50","0x0","SongID_WhatLiesAtTheEnd","SongID_AirOfBrutality","SongID_ForTheCommander","SongID_WhatLiesAtTheEnd","SongID_AirOfBrutality","SongID_ForTheCommander","0xffff","0xffff","SongID_AlmPrep","SongID_AlmVictory","0xffff",15,5,5,5,5,6,6,6,6,7,7,7,7,8,8,8,8,0,100,100,100,100,80,80,80,80,60,60,60,60,40,40,40,40,0,"0x424","0x424","0x424","0x424","Ch4A_2_Name","Ch4A_2_Name","plCh4_2A_Event","0x24","0x2",48,"0x0","0xffff","0x0",0,"0x1","Objective_SeizeGate_Long","Objective_SeizeGate_Short","Obj_Seize","0","0x0",255,0,52,"0x0"
"25 Marla","0x81c3360","plFieldsObj","plFieldsPal","plFieldsConf","plCh4_3A_Map","plNoAnim","0x0","0x0",0,0,"0x25","0x0","0x1","0x0","Weather_None","PlatformSet_Normal","0x50","0x0","SongID_WhatLiesAtTheEnd","SongID_AirOfBrutality","SongID_ForTheCommander","SongID_WhatLiesAtTheEnd","SongID_AirOfBrutality","SongID_ForTheCommander","0xffff","0xffff","SongID_AlmPrep","SongID_AlmVictory","0xffff",15,5,5,5,5,6,6,6,6,7,7,7,7,8,8,8,8,0,100,100,100,100,80,80,80,80,60,60,60,60,40,40,40,40,0,"0x424","0x424","0x424","0x424","Ch4A_3_Name","Ch4A_3_Name","plCh4_3A_Event","0x25","0x2",50,"0x0","0xffff","0x0",1,"0x1","Objective_SeizeGate_Long","Objective_SeizeGate_Short","Obj_Seize","0","0x0",255,0,9,"0x0"
"26 Nuibaba","0x81c3364","plFieldsObj","plFieldsPal","plFieldsConf","plCh4_4A_Map","plNoAnim","0x0","0x0",0,0,"0x26","0x0","0x1","0x0","Weather_None","PlatformSet_Normal","0x50","0x0","SongID_WhatLiesAtTheEnd","SongID_AirOfBrutality","SongID_ForTheCommander","SongID_WhatLiesAtTheEnd","SongID_AirOfBrutality","SongID_ForTheCommander","0xffff","0xffff","SongID_AlmPrep","SongID_AlmVictory","0xffff",15,5,5,5,5,6,6,6,6,7,7,7,7,8,8,8,8,0,100,100,100,100,80,80,80,80,60,60,60,60,40,40,40,40,0,"0x424","0x424","0x424","0x424","Ch4A_4_Name","Ch4A_4_Name","plCh4_4A_Event","0x26","0x2",52,"0x0","0xffff","0x0",1,"0x1","Objective_SeizeThrone_Long","Objective_SeizeThrone_Short","Obj_Seize","0","0x0",255,0,9,"0x0"
"27 Jerome","0x81c3368","plFieldsObj","plFieldsPal","plFieldsConf","plCh4_5A_Map","plNoAnim","0x0","0x0",0,0,"0x27","0x0","0x1","0x0","Weather_None","PlatformSet_Normal","0x50","0x0","SongID_WhatLiesAtTheEnd","SongID_AirOfBrutality","SongID_ForTheCommander","SongID_WhatLiesAtTheEnd","SongID_AirOfBrutality","SongID_ForTheCommander","0xffff","0xffff","SongID_AlmPrep","SongID_AlmVictory","0xffff",15,5,5,5,5,6,6,6,6,7,7,7,7,8,8,8,8,0,100,100,100,100,80,80,80,80,60,60,60,60,40,40,40,40,0,"0x424","0x424","0x424","0x424","Ch4A_5_Name","Ch4A_5_Name","plCh4_5A_Event","0x27","0x2",54,"0x0","0xffff","0x0",1,"0x1","Objective_Rout_Long","Objective_Rout_Short","Obj_Rout","0","0x0",255,0,9,"0x0"
"28 Dragon's Maw","0x81c336c","plFieldsObj","plFieldsPal","plFieldsConf","plCh4_6A_Map","plNoAnim","0x0","0x0",0,0,"0x28","0x0","0x1","0x0","Weather_Lava","PlatformSet_Normal","0x50","0x0","SongID_WhatLiesAtTheEnd","SongID_AirOfBrutality","SongID_ForTheCommander","SongID_WhatLiesAtTheEnd","SongID_AirOfBrutality","SongID_ForTheCommander","0xffff","0xffff","SongID_AlmPrep","SongID_AlmVictory","0xffff",15,5,5,5,5,6,6,6,6,7,7,7,7,8,8,8,8,0,100,100,100,100,80,80,80,80,60,60,60,60,40,40,40,40,0,"0x424","0x424","0x424","0x424","Ch4A_6_Name","Ch4A_6_Name","plCh4_6A_Event","0x28","0x2",56,"0x0","0xffff","0x0",1,"0x1","Objective_Rout_Long","Objective_Rout_Short","Obj_Rout","0","0x0",255,0,9,"0x0"
"29 Hestia","0x81c3370","plFieldsObj","plFieldsPal","plFieldsConf","plCh4_7A_Map","plNoAnim","0x0","0x0",0,0,"0x29","0x0","0x1","0x0","Weather_None","PlatformSet_Normal","0x50","0x0","SongID_WhatLiesAtTheEnd","SongID_AirOfBrutality","SongID_ForTheCommander","SongID_WhatLiesAtTheEnd","SongID_AirOfBrutality","SongID_ForTheCommander","0xffff","0xffff","SongID_AlmPrep","SongID_AlmVictory","0xffff",15,5,5,5,5,6,6,6,6,7,7,7,7,8,8,8,8,0,100,100,100,100,80,80,80,80,60,60,60,60,40,40,40,40,0,"0x424","0x424","0x424","0x424","Ch4A_7_Name","Ch4A_7_Name","plCh4_7A_Event","0x29","0x2",58,"0x0","0xffff","0x0",1,"0x1","Objective_Rout_Long","Objective_Rout_Short","Obj_Rout","0","0x0",255,0,9,"0x0"
"2a Last Bastion","0x81c3374","plFieldsObj","plFieldsPal","plFieldsConf","plCh4_8A_Map","plNoAnim","0x0","0x0",0,0,"0x2a","0x0","0x1","0x0","Weather_Snow","PlatformSet_Normal","0x50","0x0","SongID_WhatLiesAtTheEnd","SongID_AirOfBrutality","SongID_ForTheCommander","SongID_WhatLiesAtTheEnd","SongID_AirOfBrutality","SongID_ForTheCommander","0xffff","0xffff","SongID_AlmPrep","SongID_AlmVictory","0xffff",15,5,5,5,5,6,6,6,6,7,7,7,7,8,8,8,8,0,100,100,100,100,80,80,80,80,60,60,60,60,40,40,40,40,0,"0x424","0x424","0x424","0x424","Ch4A_8_Name","Ch4A_8_Name","plCh4_8A_Event","0x2a","0x2",60,"0x0","0xffff","0x0",1,"0x1","Objective_Rout_Long","Objective_Rout_Short","Obj_Rout","0","0x0",255,0,9,"0x0"
"2b Rudolf","0x81c3378","plFieldsObj","plFieldsPal","plFieldsConf","plCh4_9A_Map","plNoAnim","0x0","0x0",0,0,"0x2b","0x0","0x1","0x0","Weather_Snow","PlatformSet_Normal","0x50","0x0","SongID_LordOfADeadEmpire","SongID_LordOfADeadEmpire","SongID_LordOfADeadEmpire","SongID_LordOfADeadEmpire","SongID_LordOfADeadEmpire","SongID_LordOfADeadEmpire","0xffff","0xffff","SongID_AlmPrep","SongID_AlmVictory","0xffff",15,5,5,5,5,6,6,6,6,7,7,7,7,8,8,8,8,0,100,100,100,100,80,80,80,80,60,60,60,60,40,40,40,40,0,"0x424","0x424","0x424","0x424","Ch4A_9_Name","Ch4A_9_Name","plCh4_9A_Event","0x2b","0x2",62,"0x0","0xffff","0x0",1,"0x1","Objective_Rout_Long","Objective_Rout_Short","Obj_Rout","0","0x0",255,0,9,"0x0"
"2c Duma Tower","0x81c337c","plFieldsObj","plFieldsPal","plFieldsConf","plDummy_Map","plNoAnim","0x0","0x0",0,0,"0x2c","0x0","0x1","0x0","Weather_None","PlatformSet_Normal","0x50","0x0","0xe","0x16","SongID_ForTheCommander","0xe","0x16","SongID_ForTheCommander","0xffff","0xffff","SongID_AlmPrep","SongID_AlmVictory","0xffff",15,5,5,5,5,6,6,6,6,7,7,7,7,8,8,8,8,0,100,100,100,100,80,80,80,80,60,60,60,60,40,40,40,40,0,"0x424","0x424","0x424","0x424","ShrineFinal_Name","ShrineFinal_Name","plDummy_Event","0x2c","0x2",88,"0x0","0xffff","0x0",1,"0x1","Objective_Rout_Long","Objective_Rout_Short","Obj_Rout","0","0x0",255,0,9,"0x0"
"2d Final","0x81c3380","plFieldsObj","plFieldsPal","plFieldsConf","plDummy_Map","plNoAnim","0x0","0x0",0,0,"0x2d","0x0","0x1","0x0","Weather_None","PlatformSet_Normal","0x50","0x0","0x12","0x17","SongID_ForTheCommander","0x12","0x17","SongID_ForTheCommander","0xffff","0xffff","SongID_AlmPrep","SongID_AlmVictory","0xffff",15,5,5,5,5,6,6,6,6,7,7,7,7,8,8,8,8,0,100,100,100,100,80,80,80,80,60,60,60,60,40,40,40,40,0,"0x424","0x424","0x424","0x424","Ch5_Name","Ch5_Name","plDummy_Event","0x2d","0x2",90,"0x0","0xffff","0x0",0,"0x0","Objective_Rout_Long","Objective_Rout_Short","Obj_Rout","0","0x0",255,0,9,"0x0"
"2e","0x81c3384","plFieldsObj","plFieldsPal","plFieldsConf","plDummy_Map","plNoAnim","0x0","0x0",0,0,"0x2e","0x0","0x1","0x0","Weather_None","PlatformSet_Normal","0x50","0x0","0x12","0x17","SongID_ForTheCommander","0x12","0x17","SongID_ForTheCommander","0xffff","0xffff","SongID_AlmPrep","SongID_AlmVictory","0xffff",15,5,5,5,5,6,6,6,6,7,7,7,7,8,8,8,8,0,100,100,100,100,80,80,80,80,60,60,60,60,40,40,40,40,0,"0x424","0x424","0x424","0x424","Village1_Name","Village1_Name","plDummy_Event","0x2e","0x0",2,"0x0","0xffff","0x0",1,"0x1","Objective_Rout_Long","Objective_Rout_Short","Obj_Rout","0","0x0",255,0,9,"0x0"
"2f","0x81c3388","plFieldsObj","plFieldsPal","plFieldsConf","plDummy_Map","plNoAnim","0x0","0x0",0,0,"0x2f","0x0","0x1","0x0","Weather_None","PlatformSet_Normal","0x50","0x0","0x12","0x17","SongID_ForTheCommander","0x12","0x17","SongID_ForTheCommander","0xffff","0xffff","SongID_AlmPrep","SongID_AlmVictory","0xffff",15,5,5,5,5,6,6,6,6,7,7,7,7,8,8,8,8,0,100,100,100,100,80,80,80,80,60,60,60,60,40,40,40,40,0,"0x424","0x424","0x424","0x424","Village2_Name","Village2_Name","plDummy_Event","0x2f","0x0",2,"0x0","0xffff","0x0",1,"0x1","Objective_Rout_Long","Objective_Rout_Short","Obj_Rout","0","0x0",255,0,9,"0x0"
30,"0x81c338c","plFieldsObj","plFieldsPal","plFieldsConf","plDummy_Map","plNoAnim","0x0","0x0",0,0,"0x30","0x0","0x1","0x0","Weather_None","PlatformSet_Normal","0x50","0x0","0x12","0x17","SongID_ForTheCommander","0x12","0x17","SongID_ForTheCommander","0xffff","0xffff","SongID_AlmPrep","SongID_AlmVictory","0xffff",15,5,5,5,5,6,6,6,6,7,7,7,7,8,8,8,8,0,100,100,100,100,80,80,80,80,60,60,60,60,40,40,40,40,0,"0x424","0x424","0x424","0x424","Village3_Name","Village3_Name","plDummy_Event","0x30","0x0",2,"0x0","0xffff","0x0",1,"0x1","Objective_Rout_Long","Objective_Rout_Short","Obj_Rout","0","0x0",255,0,9,"0x0"
31,"0x81c3390","plFieldsObj","plFieldsPal","plFieldsConf","plDummy_Map","plNoAnim","0x0","0x0",0,0,"0x31","0x0","0x1","0x0","Weather_None","PlatformSet_Normal","0x50","0x0","0x12","0x17","SongID_ForTheCommander","0x12","0x17","SongID_ForTheCommander","0xffff","0xffff","SongID_AlmPrep","SongID_AlmVictory","0xffff",15,5,5,5,5,6,6,6,6,7,7,7,7,8,8,8,8,0,100,100,100,100,80,80,80,80,60,60,60,60,40,40,40,40,0,"0x424","0x424","0x424","0x424","Village4_Name","Village4_Name","plDummy_Event","0x31","0x0",2,"0x0","0xffff","0x0",1,"0x1","Objective_Rout_Long","Objective_Rout_Short","Obj_Rout","0","0x0",255,0,9,"0x0"
32,"0x81c3394","plFieldsObj","plFieldsPal","plFieldsConf","plDummy_Map","plNoAnim","0x0","0x0",0,0,"0x32","0x0","0x1","0x0","Weather_None","PlatformSet_Normal","0x50","0x0","0x12","0x17","SongID_ForTheCommander","0x12","0x17","SongID_ForTheCommander","0xffff","0xffff","SongID_AlmPrep","SongID_AlmVictory","0xffff",15,5,5,5,5,6,6,6,6,7,7,7,7,8,8,8,8,0,100,100,100,100,80,80,80,80,60,60,60,60,40,40,40,40,0,"0x424","0x424","0x424","0x424","Village5_Name","Village5_Name","plDummy_Event","0x32","0x0",2,"0x0","0xffff","0x0",1,"0x1","Objective_Rout_Long","Objective_Rout_Short","Obj_Rout","0","0x0",255,0,9,"0x0"
33,"0x81c3398","plFieldsObj","plFieldsPal","plFieldsConf","plDummy_Map","plNoAnim","0x0","0x0",0,0,"0x33","0x0","0x1","0x0","Weather_None","PlatformSet_Normal","0x50","0x0","0x12","0x17","SongID_ForTheCommander","0x12","0x17","SongID_ForTheCommander","0xffff","0xffff","SongID_AlmPrep","SongID_AlmVictory","0xffff",15,5,5,5,5,6,6,6,6,7,7,7,7,8,8,8,8,0,100,100,100,100,80,80,80,80,60,60,60,60,40,40,40,40,0,"0x424","0x424","0x424","0x424","Village6_Name","Village6_Name","plDummy_Event","0x33","0x0",2,"0x0","0xffff","0x0",1,"0x1","Objective_Rout_Long","Objective_Rout_Short","Obj_Rout","0","0x0",255,0,9,"0x0"
34,"0x81c339c","plFieldsObj","plFieldsPal","plFieldsConf","plDummy_Map","plNoAnim","0x0","0x0",0,0,"0x34","0x0","0x1","0x0","Weather_None","PlatformSet_Normal","0x50","0x0","0x12","0x17","SongID_ForTheCommander","0x12","0x17","SongID_ForTheCommander","0xffff","0xffff","SongID_AlmPrep","SongID_AlmVictory","0xffff",15,5,5,5,5,6,6,6,6,7,7,7,7,8,8,8,8,0,100,100,100,100,80,80,80,80,60,60,60,60,40,40,40,40,0,"0x424","0x424","0x424","0x424","Village7_Name","Village7_Name","plDummy_Event","0x34","0x0",2,"0x0","0xffff","0x0",1,"0x1","Objective_Rout_Long","Objective_Rout_Short","Obj_Rout","0","0x0",255,0,9,"0x0"
35,"0x81c33a0","plFieldsObj","plFieldsPal","plFieldsConf","plDummy_Map","plNoAnim","0x0","0x0",0,0,"0x35","0x0","0x1","0x0","Weather_None","PlatformSet_Normal","0x50","0x0","0x12","0x17","SongID_ForTheCommander","0x12","0x17","SongID_ForTheCommander","0xffff","0xffff","SongID_AlmPrep","SongID_AlmVictory","0xffff",15,5,5,5,5,6,6,6,6,7,7,7,7,8,8,8,8,0,100,100,100,100,80,80,80,80,60,60,60,60,40,40,40,40,0,"0x424","0x424","0x424","0x424","0x0","0x0","plDummy_Event","0x35","0x0",2,"0x0","0xffff","0x0",1,"0x1","Objective_Rout_Long","Objective_Rout_Short","Obj_Rout","0","0x0",255,0,9,"0x0"
36,"0x81c33a4","plFieldsObj","plFieldsPal","plFieldsConf","plDummy_Map","plNoAnim","0x0","0x0",0,0,"0x36","0x0","0x1","0x0","Weather_None","PlatformSet_Normal","0x50","0x0","0x12","0x17","SongID_ForTheCommander","0x12","0x17","SongID_ForTheCommander","0xffff","0xffff","SongID_AlmPrep","SongID_AlmVictory","0xffff",15,5,5,5,5,6,6,6,6,7,7,7,7,8,8,8,8,0,100,100,100,100,80,80,80,80,60,60,60,60,40,40,40,40,0,"0x424","0x424","0x424","0x424","0x0","0x0","plDummy_Event","0x36","0x0",2,"0x0","0xffff","0x0",1,"0x1","Objective_Rout_Long","Objective_Rout_Short","Obj_Rout","0","0x0",255,0,9,"0x0"
37,"0x81c33a8","plFieldsObj","plFieldsPal","plFieldsConf","plDummy_Map","plNoAnim","0x0","0x0",0,0,"0x37","0x0","0x1","0x0","Weather_None","PlatformSet_Normal","0x50","0x0","0x12","0x17","SongID_ForTheCommander","0x12","0x17","SongID_ForTheCommander","0xffff","0xffff","SongID_AlmPrep","SongID_AlmVictory","0xffff",15,5,5,5,5,6,6,6,6,7,7,7,7,8,8,8,8,0,100,100,100,100,80,80,80,80,60,60,60,60,40,40,40,40,0,"0x424","0x424","0x424","0x424","0x0","0x0","plDummy_Event","0x0","0x0",2,"0x0","0xffff","0x0",1,"0x1","Objective_Rout_Long","Objective_Rout_Short","Obj_Rout","0","0x0",255,0,9,"0x0"
"38 (Glitchy, don't use)","0x81c33ac","plFieldsObj","plFieldsPal","plFieldsConf","plDummy_Map","plNoAnim","0x0","0x0",0,0,"0x38","0x0","0x1","0x0","Weather_None","PlatformSet_Normal","0x50","0x0","0x9","0x13","SongID_ForTheCommander","0x9","0x13","SongID_ForTheCommander","0xffff","0xffff","SongID_AlmPrep","SongID_AlmVictory","0xffff",15,5,5,5,5,6,6,6,6,7,7,7,7,8,8,8,8,0,100,100,100,100,80,80,80,80,60,60,60,60,40,40,40,40,0,"0x424","0x424","0x424","0x424","0x0","0x0","plDummy_Event","0x37","0x0",2,"0x0","0xffff","0x0",0,"0x1","Objective_Rout_Long","Objective_Rout_Short","Obj_Rout","0","0x0",255,0,9,"0x0"
"39 Mountain Pass Cutscene","0x81c33b0","plFieldsObj","plFieldsPal","plFieldsConf","plDummy_Map","plNoAnim","0x0","0x0",0,0,"0x39","0x0","0x1","0x0","Weather_None","PlatformSet_Normal","0x50","0x0","0xd","0x15","SongID_ForTheCommander","0xd","0x15","SongID_ForTheCommander","0xffff","0xffff","SongID_AlmPrep","SongID_AlmVictory","0xffff",15,5,5,5,5,6,6,6,6,7,7,7,7,8,8,8,8,0,100,100,100,100,80,80,80,80,60,60,60,60,40,40,40,40,0,"0x424","0x424","0x424","0x424","0x0","0x0","plDummy_Event","0x0","0x0",2,"0x0","0xffff","0x0",1,"0x0","Objective_Rout_Long","Objective_Rout_Short","Obj_Rout","0","0x0",255,0,29,"0x0"
"3A ","0x81c3380","plFieldsObj","plFieldsPal","plFieldsConf","plDummy_Map","plNoAnim","0x0","0x0",0,0,"0x0","0x0","0x1","0x0","Weather_None","PlatformSet_Normal","0x50","0x0","0xffff","0xffff","SongID_ForTheCommander","0xffff","0xffff","SongID_ForTheCommander","0xffff","0xffff","0xffff","0xffff","0xffff",15,0,0,0,0,0,0,0,0,0,0,0,0,0,0,0,0,0,0,0,0,0,0,0,0,0,0,0,0,0,0,0,0,0,0,"0x0","0x0","0x0","0x0","0x0","0x0","0x0","0x0","0x0",2,"0x0","0xffff","0x0",0,"0x0","Objective_Rout_Long","Objective_Rout_Short","Obj_Rout","0","0x0",255,0,0,"0x0"
"3B ","0x81c33b4","plFieldsObj","plFieldsPal","plFieldsConf","plDummy_Map","plNoAnim","0x0","0x0",0,0,"0x0","0x0","0x1","0x0","Weather_None","PlatformSet_Normal","0x50","0x0","0x9","0x13","SongID_ForTheCommander","0x9","0x13","SongID_ForTheCommander","0xffff","0xffff","0xb","0x10","0xffff",15,5,5,5,5,6,6,6,6,7,7,7,7,8,8,8,8,0,100,100,100,100,80,80,80,80,60,60,60,60,40,40,40,40,0,"0x424","0x424","0x424","0x424","0x0","0x0","plDummy_Event","0x0","0x0",2,"0x0","0xffff","0x0",0,"0x0","Objective_Rout_Long","Objective_Rout_Short","Obj_Rout","0","0x0",255,0,9,"0x0"
"3C ","0x81c33b8","plFieldsObj","plFieldsPal","plFieldsConf","plDummy_Map","plNoAnim","0x0","0x0",0,0,"0x0","0x0","0x1","0x0","Weather_None","PlatformSet_Normal","0x50","0x0","0x9","0x13","SongID_ForTheCommander","0x9","0x13","SongID_ForTheCommander","0xffff","0xffff","0xb","0x10","0xffff",15,5,5,5,5,6,6,6,6,7,7,7,7,8,8,8,8,0,100,100,100,100,80,80,80,80,60,60,60,60,40,40,40,40,0,"0x424","0x424","0x424","0x424","0x0","0x0","plDummy_Event","0x0","0x0",2,"0x0","0xffff","0x0",0,"0x0","Objective_Rout_Long","Objective_Rout_Short","Obj_Rout","0","0x0",255,0,9,"0x0"
"3D Rise of the Deliverance","0x81c33bc","plCastleObj","plCastlePal","plCastleConf","plCh1_7x_Map","plCastleAnim","0x0","plCh1_7x_Chg",0,0,"0x3d","0x0","0x1","0x0","Weather_None","PlatformSet_Normal","0x20","0x0","SongID_MarchToDeliverance","SongID_AirOfBrutality","SongID_ForTheCommander","SongID_MarchToDeliverance","SongID_AirOfBrutality","SongID_ForTheCommander","0xffff","0xffff","SongID_AlmPrep","SongID_AlmVictory","0xffff",15,5,5,5,5,6,6,6,6,7,7,7,7,8,8,8,8,0,100,100,100,100,80,80,80,80,60,60,60,60,40,40,40,40,0,"0x424","0x424","0x424","0x424","ExtraMission1_Name","ExtraMission1_Name","plCh1_7x_Event","0x38","0x0",15,"0x0","0xffff","0x0",1,"0x1","Objective_Escape_Long","Objective_Escape_Short","Obj_Escape","0","0x0",255,0,26,"0x0"
"3E Thief Shrine 2","0x81c33c4","plTempleObj","plTemplePal","plTempleConf","plThiefshrineMap","plTempleAnim","0x0","plThiefshrineChg",0,0,"0x3e","0x0","0x1","0x0","Weather_None","PlatformSet_CaveShrine","0x20","0x0","SongID_MarchToDeliverance","SongID_AirOfBrutality","SongID_ForTheCommander","SongID_MarchToDeliverance","SongID_AirOfBrutality","SongID_ForTheCommander","0xffff","0xffff","SongID_AlmPrep","SongID_AlmVictory","0xffff",15,5,5,5,5,6,6,6,6,7,7,7,7,8,8,8,8,0,100,100,100,100,80,80,80,80,60,60,60,60,40,40,40,40,0,"0x424","0x424","0x424","0x424","Shrine1_Name","Shrine1_Name","plThiefshrineEvent","0x3a","0x0",2,"0x0","0xffff","0x0",1,"0x1","Objective_Rout_Long_Bandits","Objective_Rout_Short","Obj_Rout","0","0x0",255,0,8,"0x0"
"3F Deliverance Hideout","0x81c3380","plTowerObj","plTowerPal","plTowerConf","plHideoutMap","plTowerAnim","0x0","plHideoutChg",0,0,"0x3f","0x0","0x1","0x0","Weather_None","PlatformSet_MilaTemple","0x20","0x0","SongID_MarchToDeliverance","SongID_AirOfBrutality","SongID_ForTheCommander","SongID_MarchToDeliverance","SongID_AirOfBrutality","SongID_ForTheCommander","0xffff","0xffff","SongID_AlmPrep","SongID_AlmVictory","0xffff",15,5,5,5,5,6,6,6,6,7,7,7,7,8,8,8,8,0,100,100,100,100,80,80,80,80,60,60,60,60,40,40,40,40,0,"0x424","0x424","0x424","0x424","Shrine2_Name","Shrine2_Name","plHideoutEvent","0x39","0x0",2,"0x0","0xffff","0x0",1,"0x1","Objective_Rout_Long_Monsters","Objective_Rout_Short","Obj_Rout","0","0x0",255,0,29,"0x0"
"40 Seabound Shrine","0x81c3380","plCaveObj","plCavePal","plCaveConf","plSeaboundMap","plCaveAnim","0x0","plSeaboundChg",0,0,"0x40","0x0","0x1","0x0","Weather_None","PlatformSet_CaveShrine","0x20","0x0","SongID_MilasDivineProtection","SongID_DisquietingSteps","SongID_ForTheCommander","SongID_MilasDivineProtection","SongID_DisquietingSteps","SongID_ForTheCommander","0xffff","0xffff","SongID_CelicaPrep","SongID_CelicaVictory","0xffff",15,5,5,5,5,6,6,6,6,7,7,7,7,8,8,8,8,0,100,100,100,100,80,80,80,80,60,60,60,60,40,40,40,40,0,"0x424","0x424","0x424","0x424","Shrine3_Name","Shrine3_Name","plSeaboundEvent","0x3a","0x0",2,"0x0","0xffff","0x0",1,"0x1","Objective_Rout_Long_Monsters","Objective_Rout_Short","Obj_Rout","0","0x0",255,0,29,"0x0"
"41 Sylvan Shrine","0x81c3380","plTempleObj","plTemplePal","plTempleConf","plSylvanShrineMap","plTempleAnim","0x0","plSylvanShrineChg",0,0,"0x41","0x0","0x1","0x0","Weather_None","PlatformSet_CaveShrine","0x30","0x0","SongID_FootstepsOfFate","SongID_AirOfBrutality","SongID_ForTheCommander","SongID_FootstepsOfFate","SongID_AirOfBrutality","SongID_ForTheCommander","0xffff","0xffff","SongID_AlmPrep","SongID_AlmVictory","0xffff",15,5,5,5,5,6,6,6,6,7,7,7,7,8,8,8,8,0,100,100,100,100,80,80,80,80,60,60,60,60,40,40,40,40,0,"0x424","0x424","0x424","0x424","Shrine4_Name","Shrine4_Name","plSylvanShrineEvent","0x3a","0x0",2,"0x0","0xffff","0x0",1,"0x1","Objective_Escape_Long","Objective_Escape_Short","Obj_Escape","0","0x0",255,0,0,"0x0"
"42 Dragon Shrine","0x81c3380","plCaveObj","plCavePal","plCaveConf","plDragonShrineMap","plCaveAnim","0x0","plDragonShrineChg",0,0,"0x42","0x0","0x1","0x0","Weather_None","PlatformSet_CaveShrine","0x30","0x0","SongID_EndlessBattle","SongID_DisquietingSteps","SongID_ForTheCommander","SongID_EndlessBattle","SongID_DisquietingSteps","SongID_ForTheCommander","0xffff","0xffff","SongID_CelicaPrep","SongID_CelicaVictory","0xffff",15,5,5,5,5,6,6,6,6,7,7,7,7,8,8,8,8,0,100,100,100,100,80,80,80,80,60,60,60,60,40,40,40,40,0,"0x424","0x424","0x424","0x424","Shrine5_Name","Shrine5_Name","plDragonShrineEvent","0x3a","0x0",2,"0x0","0xffff","0x0",1,"0x1","Objective_Rout_Long_Monsters","Objective_Rout_Short","Obj_Rout","0","0x0",255,0,0,"0x0"
"43 Lost Treescape","0x81c3380","plFieldsObj","plFieldsPal","plFieldsConf","plLostwoodsMap","plNoAnim","0x0","plLostwoodsChg",3,0,"0x43","0x0","0x3","0x1c","Weather_None","PlatformSet_Normal","0x40","0x0","SongID_LostTreescape","SongID_LostTreescape","SongID_LostTreescape","SongID_LostTreescape","SongID_LostTreescape","SongID_LostTreescape","0xffff","0xffff","SongID_CelicaPrep","SongID_CelicaVictory","0xffff",15,5,5,5,5,6,6,6,6,7,7,7,7,8,8,8,8,0,100,100,100,100,80,80,80,80,60,60,60,60,40,40,40,40,0,"0x424","0x424","0x424","0x424","Shrine6_Name","Shrine6_Name","plLostwoodsEvent","0x36","0x0",2,"0x0","0xffff","0x0",0,"0x1","Objective_Escape_Long","Objective_Escape_Short","Obj_Escape","0","0x0",26,0,0,"0x0"
"44 Fear Mountain","0x81c3380","plFieldsObj","plFieldsPal","plFieldsConf","plFearMtnMap","plNoAnim","0x0","plFearMtnChg",0,0,"0x44","0x0","0x1","0x0","Weather_None","PlatformSet_CaveShrine","0x40","0x0","SongID_LostTreescape","SongID_LostTreescape","SongID_LostTreescape","SongID_LostTreescape","SongID_LostTreescape","SongID_LostTreescape","0xffff","0xffff","SongID_AlmPrep","SongID_AlmVictory","0xffff",15,5,5,5,5,6,6,6,6,7,7,7,7,8,8,8,8,0,100,100,100,100,80,80,80,80,60,60,60,60,40,40,40,40,0,"0x424","0x424","0x424","0x424","Shrine7_Name","Shrine7_Name","plFearMtnEvent","0x3a","0x0",2,"0x0","0xffff","0x0",1,"0x1","Objective_Rout_Long_Monsters","Objective_Rout_Short","Obj_Rout","0","0x0",255,0,0,"0x0"
"45 Secret Shrine","0x81c3380","plFieldsObj","plFieldsPal","plFieldsConf","plSecretShrineMap","plNoAnim","0x0","plSecretShrineChg",0,0,"0x45","0x0","0x1","0x0","Weather_None","PlatformSet_CaveShrine","0x50","0x0","0xffff","SongID_AirOfBrutality","SongID_ForTheCommander","0xffff","SongID_AirOfBrutality","SongID_ForTheCommander","0xffff","0xffff","SongID_AlmPrep","SongID_AlmVictory","0xffff",15,5,5,5,5,6,6,6,6,7,7,7,7,8,8,8,8,0,100,100,100,100,80,80,80,80,60,60,60,60,40,40,40,40,0,"0x424","0x424","0x424","0x424","Shrine8_Name","Shrine8_Name","plSecretShrineEvent","0x3a","0x0",2,"0x0","0xffff","0x0",1,"0x1","Objective_Rout_Long_Monsters","Objective_Rout_Short","Obj_Rout","0","0x0",255,0,0,"0x0"
46,"0x81c3380","plFieldsObj","plFieldsPal","plFieldsConf","plDummy_Map","plNoAnim","0x0","0x0",0,0,"0x0","0x0","0x1","0x0","Weather_None","PlatformSet_Normal","0x0","0x0","0xffff","0xffff","SongID_ForTheCommander","0xffff","0xffff","SongID_ForTheCommander","0xffff","0xffff","0xffff","0xffff","0xffff",15,0,0,0,0,0,0,0,0,0,0,0,0,0,0,0,0,0,0,0,0,0,0,0,0,0,0,0,0,0,0,0,0,0,0,"0x0","0x0","0x0","0x0","0x0","0x0","plDummy_Event","0x0","0x0",0,"0x0","0xffff","0x0",0,"0x0","0x0","0x0","Obj_Rout","0","0x0",255,0,0,"0x0"
47,"0x81c3380","plFieldsObj","plFieldsPal","plFieldsConf","plDummy_Map","plNoAnim","0x0","0x0",0,0,"0x0","0x0","0x1","0x0","Weather_None","PlatformSet_Normal","0x0","0x0","0xffff","0xffff","SongID_ForTheCommander","0xffff","0xffff","SongID_ForTheCommander","0xffff","0xffff","0xffff","0xffff","0xffff",15,0,0,0,0,0,0,0,0,0,0,0,0,0,0,0,0,0,0,0,0,0,0,0,0,0,0,0,0,0,0,0,0,0,0,"0x0","0x0","0x0","0x0","0x0","0x0","plDummy_Event","0x0","0x0",0,"0x0","0xffff","0x0",0,"0x0","0x0","0x0","Obj_Rout","0","0x0",255,0,0,"0x0"
48,"0x81c3380","plFieldsObj","plFieldsPal","plFieldsConf","plDummy_Map","plNoAnim","0x0","0x0",0,0,"0x0","0x0","0x1","0x0","Weather_None","PlatformSet_Normal","0x0","0x0","0xffff","0xffff","SongID_ForTheCommander","0xffff","0xffff","SongID_ForTheCommander","0xffff","0xffff","0xffff","0xffff","0xffff",15,0,0,0,0,0,0,0,0,0,0,0,0,0,0,0,0,0,0,0,0,0,0,0,0,0,0,0,0,0,0,0,0,0,0,"0x0","0x0","0x0","0x0","0x0","0x0","plDummy_Event","0x0","0x0",0,"0x0","0xffff","0x0",0,"0x0","0x0","0x0","Obj_Rout","0","0x0",255,0,0,"0x0"
49,"0x81c3380","plFieldsObj","plFieldsPal","plFieldsConf","plDummy_Map","plNoAnim","0x0","0x0",0,0,"0x0","0x0","0x1","0x0","Weather_None","PlatformSet_Normal","0x0","0x0","0xffff","0xffff","SongID_ForTheCommander","0xffff","0xffff","SongID_ForTheCommander","0xffff","0xffff","0xffff","0xffff","0xffff",15,0,0,0,0,0,0,0,0,0,0,0,0,0,0,0,0,0,0,0,0,0,0,0,0,0,0,0,0,0,0,0,0,0,0,"0x0","0x0","0x0","0x0","0x0","0x0","plDummy_Event","0x0","0x0",0,"0x0","0xffff","0x0",0,"0x0","0x0","0x0","Obj_Rout","0","0x0",255,0,0,"0x0"
"4A","0x81c3380","plFieldsObj","plFieldsPal","plFieldsConf","plDummy_Map","plNoAnim","0x0","0x0",0,0,"0x0","0x0","0x1","0x0","Weather_None","PlatformSet_Normal","0x0","0x0","0xffff","0xffff","SongID_ForTheCommander","0xffff","0xffff","SongID_ForTheCommander","0xffff","0xffff","0xffff","0xffff","0xffff",15,0,0,0,0,0,0,0,0,0,0,0,0,0,0,0,0,0,0,0,0,0,0,0,0,0,0,0,0,0,0,0,0,0,0,"0x0","0x0","0x0","0x0","0x0","0x0","plDummy_Event","0x0","0x0",0,"0x0","0xffff","0x0",0,"0x0","0x0","0x0","Obj_Rout","0","0x0",255,0,0,"0x0"
"4B ","0x81c3380","plFieldsObj","plFieldsPal","plFieldsConf","plDummy_Map","plNoAnim","0x0","0x0",0,0,"0x0","0x0","0x1","0x0","Weather_None","PlatformSet_Normal","0x0","0x0","0xffff","0xffff","SongID_ForTheCommander","0xffff","0xffff","SongID_ForTheCommander","0xffff","0xffff","0xffff","0xffff","0xffff",15,0,0,0,0,0,0,0,0,0,0,0,0,0,0,0,0,0,0,0,0,0,0,0,0,0,0,0,0,0,0,0,0,0,0,"0x0","0x0","0x0","0x0","0x0","0x0","plDummy_Event","0x0","0x0",0,"0x0","0xffff","0x0",0,"0x0","0x0","0x0","Obj_Rout","0","0x0",255,0,0,"0x0"
"4C","0x81c3380","plFieldsObj","plFieldsPal","plFieldsConf","plDummy_Map","plNoAnim","0x0","0x0",0,0,"0x0","0x0","0x1","0x0","Weather_None","PlatformSet_Normal","0x0","0x0","0xffff","0xffff","SongID_ForTheCommander","0xffff","0xffff","SongID_ForTheCommander","0xffff","0xffff","0xffff","0xffff","0xffff",15,0,0,0,0,0,0,0,0,0,0,0,0,0,0,0,0,0,0,0,0,0,0,0,0,0,0,0,0,0,0,0,0,0,0,"0x0","0x0","0x0","0x0","0x0","0x0","plDummy_Event","0x0","0x0",0,"0x0","0xffff","0x0",0,"0x0","0x0","0x0","Obj_Rout","0","0x0",255,0,0,"0x0"
"4D Novis Priory","0x81c3380","0x1","0x2","0x3","plActChangeMap","plNoAnim","0x0","0x0",0,0,"0x8","0x0","0x1","0x0","Weather_None","PlatformSet_Normal","0x34","0x0","0x9","0x13","SongID_ForTheCommander","0x9","0x13","SongID_ForTheCommander","0xffff","0xffff","SongID_CelicaPrep","SongID_CelicaVictory","0xffff",15,5,5,5,5,6,6,6,6,7,7,7,7,8,8,8,8,0,100,100,100,100,80,80,80,80,60,60,60,60,40,40,40,40,0,"0x424","0x424","0x424","0x424","0x198","0x198","plActChangeEvent","0x37","0x0",0,"0x0","0xffff","0x0",0,"0x1","Objective_Rout_Long","Objective_Rout_Short","Obj_Rout","0","0x0",255,0,9,"0x0"
"4E ","0x81c3380","plFieldsObj","plFieldsPal","plFieldsConf","plDummy_Map","plNoAnim","0x0","0x0",0,0,"0x0","0x0","0x1","0x0","Weather_None","PlatformSet_Normal","0x0","0x0","0xffff","0xffff","0xffff","0xffff","0xffff","0xffff","0xffff","0xffff","0xffff","0xffff","0xffff",15,0,0,0,0,0,0,0,0,0,0,0,0,0,0,0,0,0,0,0,0,0,0,0,0,0,0,0,0,0,0,0,0,0,0,"0x0","0x0","0x0","0x0","0x0","0x0","plDummy_Event","0x0","0x0",0,"0x0","0xffff","0x0",0,"0x0","0x0","0x0","Obj_Rout","0","0x0",255,0,0,"0x0"
